{
  "standing": "execution-inputs join checks; owner-graph from evaluator_graph_fixture.v3.py plus execution_inputs_fixture.v3.py; not a Run; does not overwrite grok-execution-inputs.v1/v2/v3/v4/v5; does not relabel check-replay.v3.py.",
  "hostTcbHonesty": "sealed replay trusts host-captured stage-return inventory; cannot certify malicious host omissions",
  "causeRetention": "derivedAccounts[].coverageRecords retain each Coverage deficiency+nativeCause+inputRef together; requiredCellDeficiencies is canonical-record unique",
  "cases": [
    {
      "case": "owner-graph-file-positive",
      "controlStanding": "admission",
      "result": "ADMIT",
      "refusals": [],
      "deficiencyCauses": [],
      "deficiencyRelations": [],
      "deficiencyPairs": [],
      "deficiencyInputRefs": [],
      "derivedOutcomeStates": [
        "complete"
      ],
      "derivedAccountStates": [
        "complete",
        "complete",
        "inapplicable"
      ],
      "derivedOutcomeDeficiencies": [
        [
          null,
          null
        ]
      ],
      "derivedSources": [
        []
      ],
      "coverageRecordPairs": [
        [
          [
            null,
            null,
            "c96e33f4ab90977b4b741e2c4e47a7b312adf739e5bf8ddf04bf1d6062222ff0"
          ]
        ],
        [
          [
            null,
            null,
            "6c1803534378981891c21dc080c2425247cad60a19d7371a348ec91bb60c09ce"
          ]
        ],
        []
      ],
      "rowComplete": true,
      "accountSourceUniverses": [],
      "fullRun": null,
      "precedenceTable": null,
      "note": null
    },
    {
      "case": "owner-graph-file-missing-required-package",
      "controlStanding": "admission",
      "result": "ADMIT",
      "refusals": [],
      "deficiencyCauses": [
        "native-work-incomplete"
      ],
      "deficiencyRelations": [
        "package"
      ],
      "deficiencyPairs": [
        [
          null,
          null
        ]
      ],
      "deficiencyInputRefs": [
        []
      ],
      "derivedOutcomeStates": [
        "partial"
      ],
      "derivedAccountStates": [
        "complete",
        "incomplete",
        "inapplicable"
      ],
      "derivedOutcomeDeficiencies": [
        [
          null,
          null
        ]
      ],
      "derivedSources": [
        [
          [
            "account",
            null,
            null
          ]
        ]
      ],
      "coverageRecordPairs": [
        [
          [
            null,
            null,
            "c96e33f4ab90977b4b741e2c4e47a7b312adf739e5bf8ddf04bf1d6062222ff0"
          ]
        ],
        [],
        []
      ],
      "rowComplete": false,
      "accountSourceUniverses": [],
      "fullRun": null,
      "precedenceTable": null,
      "note": null
    },
    {
      "case": "owner-graph-two-universes",
      "controlStanding": "admission",
      "result": "ADMIT",
      "refusals": [],
      "deficiencyCauses": [],
      "deficiencyRelations": [],
      "deficiencyPairs": [],
      "deficiencyInputRefs": [],
      "derivedOutcomeStates": [
        "complete",
        "complete"
      ],
      "derivedAccountStates": [
        "complete",
        "complete",
        "inapplicable",
        "complete",
        "complete",
        "inapplicable"
      ],
      "derivedOutcomeDeficiencies": [
        [
          null,
          null
        ],
        [
          null,
          null
        ]
      ],
      "derivedSources": [
        [],
        []
      ],
      "coverageRecordPairs": [
        [
          [
            null,
            null,
            "c96e33f4ab90977b4b741e2c4e47a7b312adf739e5bf8ddf04bf1d6062222ff0"
          ]
        ],
        [
          [
            null,
            null,
            "6c1803534378981891c21dc080c2425247cad60a19d7371a348ec91bb60c09ce"
          ]
        ],
        [],
        [
          [
            null,
            null,
            "2b365f466d06f235937e15ddf17ed94d59de2490e3315428773321585316659b"
          ]
        ],
        [
          [
            null,
            null,
            "7d3be34ac24760fe0ab75962a2d42421e51ab23c474f405fb48274c7303f059b"
          ]
        ],
        []
      ],
      "rowComplete": false,
      "accountSourceUniverses": [],
      "fullRun": null,
      "precedenceTable": null,
      "note": null
    },
    {
      "case": "required-package-complete-empty-coverage",
      "controlStanding": "admission",
      "result": "ADMIT",
      "refusals": [],
      "deficiencyCauses": [],
      "deficiencyRelations": [],
      "deficiencyPairs": [],
      "deficiencyInputRefs": [],
      "derivedOutcomeStates": [
        "complete"
      ],
      "derivedAccountStates": [
        "complete",
        "complete",
        "inapplicable"
      ],
      "derivedOutcomeDeficiencies": [
        [
          null,
          null
        ]
      ],
      "derivedSources": [
        []
      ],
      "coverageRecordPairs": [
        [
          [
            null,
            null,
            "c96e33f4ab90977b4b741e2c4e47a7b312adf739e5bf8ddf04bf1d6062222ff0"
          ]
        ],
        [
          [
            null,
            null,
            "6c1803534378981891c21dc080c2425247cad60a19d7371a348ec91bb60c09ce"
          ]
        ],
        []
      ],
      "rowComplete": true,
      "accountSourceUniverses": [],
      "fullRun": null,
      "precedenceTable": null,
      "note": null
    },
    {
      "case": "mixed-coverage-all-partitions-named",
      "controlStanding": "admission",
      "result": "ADMIT",
      "refusals": [],
      "deficiencyCauses": [
        "native-work-incomplete",
        "native-work-incomplete"
      ],
      "deficiencyRelations": [
        "file",
        "file"
      ],
      "deficiencyPairs": [
        [
          "budget-exhausted",
          null
        ],
        [
          null,
          null
        ]
      ],
      "deficiencyInputRefs": [
        [
          {
            "domain": "coverage",
            "digest": "64ba3dad1ee3a550a0863af589fceac66ae5953796e56d63e23a51134d741a6c"
          }
        ],
        [
          {
            "domain": "coverage",
            "digest": "c96e33f4ab90977b4b741e2c4e47a7b312adf739e5bf8ddf04bf1d6062222ff0"
          }
        ]
      ],
      "derivedOutcomeStates": [
        "partial"
      ],
      "derivedAccountStates": [
        "incomplete",
        "complete",
        "inapplicable"
      ],
      "derivedOutcomeDeficiencies": [
        [
          "budget-exhausted",
          null
        ]
      ],
      "derivedSources": [
        [
          [
            "coverage",
            "budget-exhausted",
            null
          ]
        ]
      ],
      "coverageRecordPairs": [
        [
          [
            "budget-exhausted",
            null,
            "64ba3dad1ee3a550a0863af589fceac66ae5953796e56d63e23a51134d741a6c"
          ],
          [
            null,
            null,
            "c96e33f4ab90977b4b741e2c4e47a7b312adf739e5bf8ddf04bf1d6062222ff0"
          ]
        ],
        [
          [
            null,
            null,
            "6c1803534378981891c21dc080c2425247cad60a19d7371a348ec91bb60c09ce"
          ]
        ],
        []
      ],
      "rowComplete": false,
      "accountSourceUniverses": [],
      "fullRun": null,
      "precedenceTable": null,
      "note": null
    },
    {
      "case": "omitted-returned-partition-not-subset",
      "controlStanding": "admission",
      "result": "REFUSE",
      "refusals": [
        "EXECUTION_INPUTS_COVERAGE_DERIVE"
      ],
      "deficiencyCauses": [
        "native-work-incomplete",
        "native-work-incomplete"
      ],
      "deficiencyRelations": [
        "file",
        "file"
      ],
      "deficiencyPairs": [
        [
          "budget-exhausted",
          null
        ],
        [
          null,
          null
        ]
      ],
      "deficiencyInputRefs": [
        [
          {
            "domain": "coverage",
            "digest": "64ba3dad1ee3a550a0863af589fceac66ae5953796e56d63e23a51134d741a6c"
          }
        ],
        [
          {
            "domain": "coverage",
            "digest": "c96e33f4ab90977b4b741e2c4e47a7b312adf739e5bf8ddf04bf1d6062222ff0"
          }
        ]
      ],
      "derivedOutcomeStates": [
        "partial"
      ],
      "derivedAccountStates": [
        "incomplete",
        "complete",
        "inapplicable"
      ],
      "derivedOutcomeDeficiencies": [
        [
          "budget-exhausted",
          null
        ]
      ],
      "derivedSources": [
        [
          [
            "coverage",
            "budget-exhausted",
            null
          ]
        ]
      ],
      "coverageRecordPairs": [
        [
          [
            "budget-exhausted",
            null,
            "64ba3dad1ee3a550a0863af589fceac66ae5953796e56d63e23a51134d741a6c"
          ],
          [
            null,
            null,
            "c96e33f4ab90977b4b741e2c4e47a7b312adf739e5bf8ddf04bf1d6062222ff0"
          ]
        ],
        [
          [
            null,
            null,
            "6c1803534378981891c21dc080c2425247cad60a19d7371a348ec91bb60c09ce"
          ]
        ],
        []
      ],
      "rowComplete": false,
      "accountSourceUniverses": [],
      "fullRun": null,
      "precedenceTable": null,
      "note": null
    },
    {
      "case": "omitted-owner-view",
      "controlStanding": "admission",
      "result": "REFUSE",
      "refusals": [
        "EXECUTION_INPUTS_SELECTED_COVER"
      ],
      "deficiencyCauses": [],
      "deficiencyRelations": [],
      "deficiencyPairs": [],
      "deficiencyInputRefs": [],
      "derivedOutcomeStates": [
        "complete"
      ],
      "derivedAccountStates": [
        "complete",
        "complete",
        "inapplicable"
      ],
      "derivedOutcomeDeficiencies": [
        [
          null,
          null
        ]
      ],
      "derivedSources": [
        []
      ],
      "coverageRecordPairs": [
        [
          [
            null,
            null,
            "c96e33f4ab90977b4b741e2c4e47a7b312adf739e5bf8ddf04bf1d6062222ff0"
          ]
        ],
        [
          [
            null,
            null,
            "6c1803534378981891c21dc080c2425247cad60a19d7371a348ec91bb60c09ce"
          ]
        ],
        []
      ],
      "rowComplete": true,
      "accountSourceUniverses": [],
      "fullRun": null,
      "precedenceTable": null,
      "note": null
    },
    {
      "case": "receipt-view-omitted-from-selected-and-outcomes",
      "controlStanding": "admission",
      "result": "REFUSE",
      "refusals": [
        "EXECUTION_INPUTS_VIEW_TOTALITY",
        "EXECUTION_INPUTS_SELECTED_COVER"
      ],
      "deficiencyCauses": [],
      "deficiencyRelations": [],
      "deficiencyPairs": [],
      "deficiencyInputRefs": [],
      "derivedOutcomeStates": [
        "complete"
      ],
      "derivedAccountStates": [
        "complete",
        "complete",
        "inapplicable"
      ],
      "derivedOutcomeDeficiencies": [
        [
          null,
          null
        ]
      ],
      "derivedSources": [
        []
      ],
      "coverageRecordPairs": [
        [
          [
            null,
            null,
            "c96e33f4ab90977b4b741e2c4e47a7b312adf739e5bf8ddf04bf1d6062222ff0"
          ]
        ],
        [
          [
            null,
            null,
            "6c1803534378981891c21dc080c2425247cad60a19d7371a348ec91bb60c09ce"
          ]
        ],
        []
      ],
      "rowComplete": true,
      "accountSourceUniverses": [],
      "fullRun": null,
      "precedenceTable": null,
      "note": null
    },
    {
      "case": "self-asserted-complete-with-incomplete-package",
      "controlStanding": "admission",
      "result": "REFUSE",
      "refusals": [
        "EXECUTION_INPUTS_OUTCOME_DERIVE"
      ],
      "deficiencyCauses": [
        "native-work-incomplete"
      ],
      "deficiencyRelations": [
        "package"
      ],
      "deficiencyPairs": [
        [
          null,
          null
        ]
      ],
      "deficiencyInputRefs": [
        []
      ],
      "derivedOutcomeStates": [
        "partial"
      ],
      "derivedAccountStates": [
        "complete",
        "incomplete",
        "inapplicable"
      ],
      "derivedOutcomeDeficiencies": [
        [
          null,
          null
        ]
      ],
      "derivedSources": [
        [
          [
            "account",
            null,
            null
          ]
        ]
      ],
      "coverageRecordPairs": [
        [
          [
            null,
            null,
            "c96e33f4ab90977b4b741e2c4e47a7b312adf739e5bf8ddf04bf1d6062222ff0"
          ]
        ],
        [],
        []
      ],
      "rowComplete": false,
      "accountSourceUniverses": [],
      "fullRun": null,
      "precedenceTable": null,
      "note": null
    },
    {
      "case": "unavailable-selected-u-omits-stage-and-views",
      "controlStanding": "admission",
      "result": "REFUSE",
      "refusals": [
        "EXECUTION_INPUTS_VIEW_TOTALITY",
        "EXECUTION_INPUTS_OUTCOME_DERIVE",
        "EXECUTION_INPUTS_CAUSE_CARRIER",
        "EXECUTION_INPUTS_STAGE_ORDINAL"
      ],
      "deficiencyCauses": [],
      "deficiencyRelations": [],
      "deficiencyPairs": [],
      "deficiencyInputRefs": [],
      "derivedOutcomeStates": [
        "complete"
      ],
      "derivedAccountStates": [
        "complete",
        "complete",
        "inapplicable"
      ],
      "derivedOutcomeDeficiencies": [
        [
          null,
          null
        ]
      ],
      "derivedSources": [
        []
      ],
      "coverageRecordPairs": [
        [
          [
            null,
            null,
            "c96e33f4ab90977b4b741e2c4e47a7b312adf739e5bf8ddf04bf1d6062222ff0"
          ]
        ],
        [
          [
            null,
            null,
            "6c1803534378981891c21dc080c2425247cad60a19d7371a348ec91bb60c09ce"
          ]
        ],
        []
      ],
      "rowComplete": true,
      "accountSourceUniverses": [],
      "fullRun": null,
      "precedenceTable": null,
      "note": null
    },
    {
      "case": "missing-inventory-pointer",
      "controlStanding": "admission",
      "result": "REFUSE",
      "refusals": [
        "EXECUTION_INPUTS_REF_POINTER"
      ],
      "deficiencyCauses": [],
      "deficiencyRelations": [],
      "deficiencyPairs": [],
      "deficiencyInputRefs": [],
      "derivedOutcomeStates": [
        "complete"
      ],
      "derivedAccountStates": [
        "complete",
        "complete",
        "inapplicable"
      ],
      "derivedOutcomeDeficiencies": [
        [
          null,
          null
        ]
      ],
      "derivedSources": [
        []
      ],
      "coverageRecordPairs": [
        [
          [
            null,
            null,
            "c96e33f4ab90977b4b741e2c4e47a7b312adf739e5bf8ddf04bf1d6062222ff0"
          ]
        ],
        [
          [
            null,
            null,
            "6c1803534378981891c21dc080c2425247cad60a19d7371a348ec91bb60c09ce"
          ]
        ],
        []
      ],
      "rowComplete": true,
      "accountSourceUniverses": [],
      "fullRun": null,
      "precedenceTable": null,
      "note": null
    },
    {
      "case": "lost-inventory-bytes",
      "controlStanding": "admission",
      "result": "REFUSE",
      "refusals": [
        "EXECUTION_INPUTS_REF_LOST_BYTES"
      ],
      "deficiencyCauses": [],
      "deficiencyRelations": [],
      "deficiencyPairs": [],
      "deficiencyInputRefs": [],
      "derivedOutcomeStates": [
        "complete"
      ],
      "derivedAccountStates": [
        "complete",
        "complete",
        "inapplicable"
      ],
      "derivedOutcomeDeficiencies": [
        [
          null,
          null
        ]
      ],
      "derivedSources": [
        []
      ],
      "coverageRecordPairs": [
        [
          [
            null,
            null,
            "c96e33f4ab90977b4b741e2c4e47a7b312adf739e5bf8ddf04bf1d6062222ff0"
          ]
        ],
        [
          [
            null,
            null,
            "6c1803534378981891c21dc080c2425247cad60a19d7371a348ec91bb60c09ce"
          ]
        ],
        []
      ],
      "rowComplete": true,
      "accountSourceUniverses": [],
      "fullRun": null,
      "precedenceTable": null,
      "note": null
    },
    {
      "case": "supplied-object-mismatch-not-pointer",
      "controlStanding": "admission",
      "result": "REFUSE",
      "refusals": [
        "EXECUTION_INPUTS_REF_MISMATCH",
        "EXECUTION_INPUTS_INVENTORY_KIND"
      ],
      "deficiencyCauses": [],
      "deficiencyRelations": [],
      "deficiencyPairs": [],
      "deficiencyInputRefs": [],
      "derivedOutcomeStates": [
        "complete"
      ],
      "derivedAccountStates": [
        "complete",
        "complete",
        "inapplicable"
      ],
      "derivedOutcomeDeficiencies": [
        [
          null,
          null
        ]
      ],
      "derivedSources": [
        []
      ],
      "coverageRecordPairs": [
        [
          [
            null,
            null,
            "c96e33f4ab90977b4b741e2c4e47a7b312adf739e5bf8ddf04bf1d6062222ff0"
          ]
        ],
        [
          [
            null,
            null,
            "6c1803534378981891c21dc080c2425247cad60a19d7371a348ec91bb60c09ce"
          ]
        ],
        []
      ],
      "rowComplete": true,
      "accountSourceUniverses": [],
      "fullRun": null,
      "precedenceTable": null,
      "note": null
    },
    {
      "case": "invalid-blob-hash",
      "controlStanding": "admission",
      "result": "REFUSE",
      "refusals": [
        "EXECUTION_INPUTS_REF_INVALID_BYTES"
      ],
      "deficiencyCauses": [],
      "deficiencyRelations": [],
      "deficiencyPairs": [],
      "deficiencyInputRefs": [],
      "derivedOutcomeStates": [
        "complete"
      ],
      "derivedAccountStates": [
        "complete",
        "complete",
        "inapplicable"
      ],
      "derivedOutcomeDeficiencies": [
        [
          null,
          null
        ]
      ],
      "derivedSources": [
        []
      ],
      "coverageRecordPairs": [
        [
          [
            null,
            null,
            "c96e33f4ab90977b4b741e2c4e47a7b312adf739e5bf8ddf04bf1d6062222ff0"
          ]
        ],
        [
          [
            null,
            null,
            "6c1803534378981891c21dc080c2425247cad60a19d7371a348ec91bb60c09ce"
          ]
        ],
        []
      ],
      "rowComplete": true,
      "accountSourceUniverses": [],
      "fullRun": null,
      "precedenceTable": null,
      "note": null
    },
    {
      "case": "duplicate-inventory-same-kind",
      "controlStanding": "admission",
      "result": "REFUSE",
      "refusals": [
        "EXECUTION_INPUTS_SCHEMA"
      ],
      "deficiencyCauses": [],
      "deficiencyRelations": [],
      "deficiencyPairs": [],
      "deficiencyInputRefs": [],
      "derivedOutcomeStates": [],
      "derivedAccountStates": [],
      "derivedOutcomeDeficiencies": [],
      "derivedSources": [],
      "coverageRecordPairs": null,
      "rowComplete": false,
      "accountSourceUniverses": [],
      "fullRun": null,
      "precedenceTable": null,
      "note": null
    },
    {
      "case": "wrong-view-producer-vs-stage",
      "controlStanding": "admission",
      "result": "REFUSE",
      "refusals": [
        "EXECUTION_INPUTS_REF_MISMATCH",
        "EXECUTION_INPUTS_VIEW_TOTALITY",
        "EXECUTION_INPUTS_COVERAGE_DERIVE",
        "EXECUTION_INPUTS_SELECTED_COVER"
      ],
      "deficiencyCauses": [],
      "deficiencyRelations": [],
      "deficiencyPairs": [],
      "deficiencyInputRefs": [],
      "derivedOutcomeStates": [
        "complete"
      ],
      "derivedAccountStates": [
        "complete",
        "complete",
        "inapplicable"
      ],
      "derivedOutcomeDeficiencies": [
        [
          null,
          null
        ]
      ],
      "derivedSources": [
        []
      ],
      "coverageRecordPairs": [
        [
          [
            null,
            null,
            "c96e33f4ab90977b4b741e2c4e47a7b312adf739e5bf8ddf04bf1d6062222ff0"
          ]
        ],
        [
          [
            null,
            null,
            "6c1803534378981891c21dc080c2425247cad60a19d7371a348ec91bb60c09ce"
          ]
        ],
        []
      ],
      "rowComplete": true,
      "accountSourceUniverses": [],
      "fullRun": null,
      "precedenceTable": null,
      "note": null
    },
    {
      "case": "store-pointers-required",
      "controlStanding": "admission",
      "result": "REFUSE",
      "refusals": [
        "EXECUTION_INPUTS_STORE_REQUIRED"
      ],
      "deficiencyCauses": [],
      "deficiencyRelations": [],
      "deficiencyPairs": [],
      "deficiencyInputRefs": [],
      "derivedOutcomeStates": [],
      "derivedAccountStates": [],
      "derivedOutcomeDeficiencies": [],
      "derivedSources": [],
      "coverageRecordPairs": null,
      "rowComplete": false,
      "accountSourceUniverses": [],
      "fullRun": null,
      "precedenceTable": null,
      "note": null
    },
    {
      "case": "vcs-none-not-applicable-alone",
      "controlStanding": "admission",
      "result": "REFUSE",
      "refusals": [
        "EXECUTION_INPUTS_VCS_APPLICABILITY",
        "EXECUTION_INPUTS_COVERAGE_DERIVE"
      ],
      "deficiencyCauses": [],
      "deficiencyRelations": [],
      "deficiencyPairs": [],
      "deficiencyInputRefs": [],
      "derivedOutcomeStates": [
        "complete"
      ],
      "derivedAccountStates": [
        "complete",
        "complete",
        "inapplicable"
      ],
      "derivedOutcomeDeficiencies": [
        [
          null,
          null
        ]
      ],
      "derivedSources": [
        []
      ],
      "coverageRecordPairs": [
        [
          [
            null,
            null,
            "c96e33f4ab90977b4b741e2c4e47a7b312adf739e5bf8ddf04bf1d6062222ff0"
          ]
        ],
        [
          [
            null,
            null,
            "6c1803534378981891c21dc080c2425247cad60a19d7371a348ec91bb60c09ce"
          ]
        ],
        []
      ],
      "rowComplete": true,
      "accountSourceUniverses": [],
      "fullRun": null,
      "precedenceTable": null,
      "note": null
    },
    {
      "case": "views-map-extra-merge",
      "controlStanding": "admission",
      "result": "REFUSE",
      "refusals": [
        "EXECUTION_INPUTS_REF_MISMATCH"
      ],
      "deficiencyCauses": [],
      "deficiencyRelations": [],
      "deficiencyPairs": [],
      "deficiencyInputRefs": [],
      "derivedOutcomeStates": [
        "complete"
      ],
      "derivedAccountStates": [
        "complete",
        "complete",
        "inapplicable"
      ],
      "derivedOutcomeDeficiencies": [
        [
          null,
          null
        ]
      ],
      "derivedSources": [
        []
      ],
      "coverageRecordPairs": [
        [
          [
            null,
            null,
            "c96e33f4ab90977b4b741e2c4e47a7b312adf739e5bf8ddf04bf1d6062222ff0"
          ]
        ],
        [
          [
            null,
            null,
            "6c1803534378981891c21dc080c2425247cad60a19d7371a348ec91bb60c09ce"
          ]
        ],
        []
      ],
      "rowComplete": true,
      "accountSourceUniverses": [],
      "fullRun": null,
      "precedenceTable": null,
      "note": null
    },
    {
      "case": "evaluator-closure-missing-from-map",
      "controlStanding": "admission",
      "result": "REFUSE",
      "refusals": [
        "EXECUTION_INPUTS_EVALUATOR_CLOSURE"
      ],
      "deficiencyCauses": [],
      "deficiencyRelations": [],
      "deficiencyPairs": [],
      "deficiencyInputRefs": [],
      "derivedOutcomeStates": [
        "complete"
      ],
      "derivedAccountStates": [
        "complete",
        "complete",
        "inapplicable"
      ],
      "derivedOutcomeDeficiencies": [
        [
          null,
          null
        ]
      ],
      "derivedSources": [
        []
      ],
      "coverageRecordPairs": [
        [
          [
            null,
            null,
            "c96e33f4ab90977b4b741e2c4e47a7b312adf739e5bf8ddf04bf1d6062222ff0"
          ]
        ],
        [
          [
            null,
            null,
            "6c1803534378981891c21dc080c2425247cad60a19d7371a348ec91bb60c09ce"
          ]
        ],
        []
      ],
      "rowComplete": true,
      "accountSourceUniverses": [],
      "fullRun": null,
      "precedenceTable": null,
      "note": null
    },
    {
      "case": "coverage-payload-bytes-absent",
      "controlStanding": "admission",
      "result": "REFUSE",
      "refusals": [
        "EXECUTION_INPUTS_EVIDENCE_UNAVAILABLE",
        "EXECUTION_INPUTS_COVERAGE_DERIVE",
        "EXECUTION_INPUTS_OUTCOME_DERIVE"
      ],
      "deficiencyCauses": [
        "native-work-incomplete"
      ],
      "deficiencyRelations": [
        "file"
      ],
      "deficiencyPairs": [
        [
          null,
          null
        ]
      ],
      "deficiencyInputRefs": [
        [
          {
            "domain": "coverage",
            "digest": "c96e33f4ab90977b4b741e2c4e47a7b312adf739e5bf8ddf04bf1d6062222ff0"
          }
        ]
      ],
      "derivedOutcomeStates": [
        "partial"
      ],
      "derivedAccountStates": [
        "incomplete",
        "complete",
        "inapplicable"
      ],
      "derivedOutcomeDeficiencies": [
        [
          null,
          null
        ]
      ],
      "derivedSources": [
        [
          [
            "account",
            null,
            null
          ]
        ]
      ],
      "coverageRecordPairs": [
        [],
        [
          [
            null,
            null,
            "6c1803534378981891c21dc080c2425247cad60a19d7371a348ec91bb60c09ce"
          ]
        ],
        []
      ],
      "rowComplete": false,
      "accountSourceUniverses": [],
      "fullRun": null,
      "precedenceTable": null,
      "note": null
    },
    {
      "case": "unsupported-typed-matrix-cause",
      "controlStanding": "admission",
      "result": "ADMIT",
      "refusals": [],
      "deficiencyCauses": [
        "unsupported-typed"
      ],
      "deficiencyRelations": [
        "references"
      ],
      "deficiencyPairs": [
        [
          "language-tier-unsupported",
          "capability-missing"
        ]
      ],
      "deficiencyInputRefs": [
        []
      ],
      "derivedOutcomeStates": [
        "complete"
      ],
      "derivedAccountStates": [
        "unsupported"
      ],
      "derivedOutcomeDeficiencies": [
        [
          null,
          null
        ]
      ],
      "derivedSources": [
        []
      ],
      "coverageRecordPairs": [
        []
      ],
      "rowComplete": true,
      "accountSourceUniverses": [],
      "fullRun": null,
      "precedenceTable": null,
      "note": null
    },
    {
      "case": "required-candidate-group-bytes-join",
      "controlStanding": "admission",
      "result": "ADMIT",
      "refusals": [],
      "deficiencyCauses": [],
      "deficiencyRelations": [],
      "deficiencyPairs": [],
      "deficiencyInputRefs": [],
      "derivedOutcomeStates": [
        "complete"
      ],
      "derivedAccountStates": [],
      "derivedOutcomeDeficiencies": [
        [
          null,
          null
        ]
      ],
      "derivedSources": [
        []
      ],
      "coverageRecordPairs": null,
      "rowComplete": true,
      "accountSourceUniverses": [],
      "fullRun": null,
      "precedenceTable": null,
      "note": null
    },
    {
      "case": "extra-candidate-ref-no-outcome",
      "controlStanding": "admission",
      "result": "REFUSE",
      "refusals": [
        "EXECUTION_INPUTS_CANDIDATE_REQUIRED",
        "EXECUTION_INPUTS_REF_INVALID_BYTES"
      ],
      "deficiencyCauses": [],
      "deficiencyRelations": [],
      "deficiencyPairs": [],
      "deficiencyInputRefs": [],
      "derivedOutcomeStates": [
        "complete"
      ],
      "derivedAccountStates": [],
      "derivedOutcomeDeficiencies": [
        [
          null,
          null
        ]
      ],
      "derivedSources": [
        []
      ],
      "coverageRecordPairs": null,
      "rowComplete": true,
      "accountSourceUniverses": [],
      "fullRun": null,
      "precedenceTable": null,
      "note": null
    },
    {
      "case": "groups-map-bypasses-blob",
      "controlStanding": "admission",
      "result": "REFUSE",
      "refusals": [
        "EXECUTION_INPUTS_REF_MISMATCH"
      ],
      "deficiencyCauses": [],
      "deficiencyRelations": [],
      "deficiencyPairs": [],
      "deficiencyInputRefs": [],
      "derivedOutcomeStates": [
        "complete"
      ],
      "derivedAccountStates": [],
      "derivedOutcomeDeficiencies": [
        [
          null,
          null
        ]
      ],
      "derivedSources": [
        []
      ],
      "coverageRecordPairs": null,
      "rowComplete": true,
      "accountSourceUniverses": [],
      "fullRun": null,
      "precedenceTable": null,
      "note": null
    },
    {
      "case": "clone-member-opaque-id-no-custody",
      "controlStanding": "admission",
      "result": "REFUSE",
      "refusals": [
        "EXECUTION_INPUTS_CANDIDATE_GROUP"
      ],
      "deficiencyCauses": [],
      "deficiencyRelations": [],
      "deficiencyPairs": [],
      "deficiencyInputRefs": [],
      "derivedOutcomeStates": [
        "complete"
      ],
      "derivedAccountStates": [],
      "derivedOutcomeDeficiencies": [
        [
          null,
          null
        ]
      ],
      "derivedSources": [
        []
      ],
      "coverageRecordPairs": null,
      "rowComplete": true,
      "accountSourceUniverses": [],
      "fullRun": null,
      "precedenceTable": null,
      "note": null
    },
    {
      "case": "complete-candidate-empty-examined-not-plan-extent",
      "controlStanding": "admission",
      "result": "REFUSE",
      "refusals": [
        "EXECUTION_INPUTS_CANDIDATE_BIND"
      ],
      "deficiencyCauses": [],
      "deficiencyRelations": [],
      "deficiencyPairs": [],
      "deficiencyInputRefs": [],
      "derivedOutcomeStates": [
        "complete"
      ],
      "derivedAccountStates": [],
      "derivedOutcomeDeficiencies": [
        [
          null,
          null
        ]
      ],
      "derivedSources": [
        []
      ],
      "coverageRecordPairs": null,
      "rowComplete": true,
      "accountSourceUniverses": [],
      "fullRun": null,
      "precedenceTable": null,
      "note": null
    },
    {
      "case": "candidate-wrong-universe-source-body",
      "controlStanding": "admission",
      "result": "REFUSE",
      "refusals": [
        "EXECUTION_INPUTS_CANDIDATE_SOURCE"
      ],
      "deficiencyCauses": [],
      "deficiencyRelations": [],
      "deficiencyPairs": [],
      "deficiencyInputRefs": [],
      "derivedOutcomeStates": [
        "complete"
      ],
      "derivedAccountStates": [],
      "derivedOutcomeDeficiencies": [
        [
          null,
          null
        ]
      ],
      "derivedSources": [
        []
      ],
      "coverageRecordPairs": null,
      "rowComplete": true,
      "accountSourceUniverses": [],
      "fullRun": null,
      "precedenceTable": null,
      "note": null
    },
    {
      "case": "complete-empty-candidate-with-plan-extent",
      "controlStanding": "admission",
      "result": "ADMIT",
      "refusals": [],
      "deficiencyCauses": [],
      "deficiencyRelations": [],
      "deficiencyPairs": [],
      "deficiencyInputRefs": [],
      "derivedOutcomeStates": [
        "complete"
      ],
      "derivedAccountStates": [],
      "derivedOutcomeDeficiencies": [
        [
          null,
          null
        ]
      ],
      "derivedSources": [
        []
      ],
      "coverageRecordPairs": null,
      "rowComplete": true,
      "accountSourceUniverses": [],
      "fullRun": null,
      "precedenceTable": null,
      "note": null
    },
    {
      "case": "complete-empty-candidate-without-plan-extent",
      "controlStanding": "admission",
      "result": "REFUSE",
      "refusals": [
        "EXECUTION_INPUTS_CANDIDATE_BIND"
      ],
      "deficiencyCauses": [],
      "deficiencyRelations": [],
      "deficiencyPairs": [],
      "deficiencyInputRefs": [],
      "derivedOutcomeStates": [
        "complete"
      ],
      "derivedAccountStates": [],
      "derivedOutcomeDeficiencies": [
        [
          null,
          null
        ]
      ],
      "derivedSources": [
        []
      ],
      "coverageRecordPairs": null,
      "rowComplete": true,
      "accountSourceUniverses": [],
      "fullRun": null,
      "precedenceTable": null,
      "note": null
    },
    {
      "case": "candidate-examined-union-not-this-program-extent",
      "controlStanding": "admission",
      "result": "REFUSE",
      "refusals": [
        "EXECUTION_INPUTS_CANDIDATE_REQUIRED",
        "EXECUTION_INPUTS_CANDIDATE_BIND",
        "EXECUTION_INPUTS_OUTCOME_DERIVE"
      ],
      "deficiencyCauses": [
        "required-cell-unsatisfied"
      ],
      "deficiencyRelations": [
        null
      ],
      "deficiencyPairs": [
        [
          null,
          null
        ]
      ],
      "deficiencyInputRefs": [
        []
      ],
      "derivedOutcomeStates": [
        "complete",
        "unavailable"
      ],
      "derivedAccountStates": [],
      "derivedOutcomeDeficiencies": [
        [
          null,
          null
        ],
        [
          null,
          null
        ]
      ],
      "derivedSources": [
        [],
        [
          [
            "candidate",
            null,
            null
          ]
        ]
      ],
      "coverageRecordPairs": null,
      "rowComplete": false,
      "accountSourceUniverses": [],
      "fullRun": null,
      "precedenceTable": null,
      "note": null
    },
    {
      "case": "candidate-unavailable-envelope-schema",
      "controlStanding": "schema-unit",
      "result": "ADMIT",
      "refusals": [],
      "deficiencyCauses": null,
      "deficiencyRelations": null,
      "deficiencyPairs": null,
      "deficiencyInputRefs": null,
      "derivedOutcomeStates": null,
      "derivedAccountStates": null,
      "derivedOutcomeDeficiencies": null,
      "derivedSources": null,
      "coverageRecordPairs": null,
      "rowComplete": null,
      "accountSourceUniverses": [],
      "fullRun": null,
      "precedenceTable": null,
      "note": null
    },
    {
      "case": "schema-rejects-candidate-autofix",
      "controlStanding": "schema-unit",
      "result": "REFUSE",
      "refusals": [
        "EXECUTION_INPUTS_SCHEMA"
      ],
      "deficiencyCauses": null,
      "deficiencyRelations": null,
      "deficiencyPairs": null,
      "deficiencyInputRefs": null,
      "derivedOutcomeStates": null,
      "derivedAccountStates": null,
      "derivedOutcomeDeficiencies": null,
      "derivedSources": null,
      "coverageRecordPairs": null,
      "rowComplete": null,
      "accountSourceUniverses": [],
      "fullRun": null,
      "precedenceTable": null,
      "note": null
    },
    {
      "case": "clone-candidate-group-v2-schema",
      "controlStanding": "schema-unit",
      "result": "ADMIT",
      "refusals": [],
      "deficiencyCauses": null,
      "deficiencyRelations": null,
      "deficiencyPairs": null,
      "deficiencyInputRefs": null,
      "derivedOutcomeStates": null,
      "derivedAccountStates": null,
      "derivedOutcomeDeficiencies": null,
      "derivedSources": null,
      "coverageRecordPairs": null,
      "rowComplete": null,
      "accountSourceUniverses": [],
      "fullRun": null,
      "precedenceTable": null,
      "note": null
    },
    {
      "case": "schema-rejects-verdict-field",
      "controlStanding": "admission",
      "result": "REFUSE",
      "refusals": [
        "EXECUTION_INPUTS_SCHEMA"
      ],
      "deficiencyCauses": [],
      "deficiencyRelations": [],
      "deficiencyPairs": [],
      "deficiencyInputRefs": [],
      "derivedOutcomeStates": [],
      "derivedAccountStates": [],
      "derivedOutcomeDeficiencies": [],
      "derivedSources": [],
      "coverageRecordPairs": null,
      "rowComplete": false,
      "accountSourceUniverses": [],
      "fullRun": null,
      "precedenceTable": null,
      "note": null
    },
    {
      "case": "partial-inventory-known-rows",
      "controlStanding": "admission",
      "result": "ADMIT",
      "refusals": [],
      "deficiencyCauses": [
        "required-cell-unsatisfied"
      ],
      "deficiencyRelations": [
        null
      ],
      "deficiencyPairs": [
        [
          "budget-exhausted",
          null
        ]
      ],
      "deficiencyInputRefs": [
        [
          {
            "domain": "subject-inventory",
            "digest": "f285bdffc157e4c4e30de8e6c19ff6cdc653e83a7c641e4181e53e3faad29088"
          }
        ]
      ],
      "derivedOutcomeStates": [
        "complete",
        "partial"
      ],
      "derivedAccountStates": [
        "complete",
        "complete",
        "inapplicable",
        "complete",
        "complete",
        "complete"
      ],
      "derivedOutcomeDeficiencies": [
        [
          null,
          null
        ],
        [
          "budget-exhausted",
          null
        ]
      ],
      "derivedSources": [
        [],
        [
          [
            "inventory",
            "budget-exhausted",
            null
          ]
        ]
      ],
      "coverageRecordPairs": [
        [
          [
            null,
            null,
            "cadb33a451bed48e305ddcfbafe2bf9ecd589760120ce78b4eb6ed13cc34c37e"
          ]
        ],
        [
          [
            null,
            null,
            "8a4c79a3ca4222e730edfa1852d29da8c40a5a4f8956469b6fe25fe72e948f46"
          ]
        ],
        [],
        [
          [
            null,
            null,
            "66d7a614b5dac1456033e173b1fbd07b10f2b107ae3a743d4da75c207f9d5928"
          ]
        ],
        [
          [
            null,
            null,
            "1cb521535258b574a52852735628fec6e1a0d8a718f36561081a7e6d1ef4f8a2"
          ]
        ],
        [
          [
            null,
            null,
            "4d10c77d4e1cb1b6d3e62b5672289c24c4df16f1ac29aee2c28f7bf84a1beabc"
          ]
        ]
      ],
      "rowComplete": false,
      "accountSourceUniverses": [],
      "fullRun": null,
      "precedenceTable": null,
      "note": null
    },
    {
      "case": "partial-inventory-budget-not-replaced-by-provider-unavailable",
      "controlStanding": "admission",
      "result": "REFUSE",
      "refusals": [
        "EXECUTION_INPUTS_OUTCOME_DERIVE"
      ],
      "deficiencyCauses": [
        "required-cell-unsatisfied"
      ],
      "deficiencyRelations": [
        null
      ],
      "deficiencyPairs": [
        [
          "budget-exhausted",
          null
        ]
      ],
      "deficiencyInputRefs": [
        [
          {
            "domain": "subject-inventory",
            "digest": "f285bdffc157e4c4e30de8e6c19ff6cdc653e83a7c641e4181e53e3faad29088"
          }
        ]
      ],
      "derivedOutcomeStates": [
        "complete",
        "partial"
      ],
      "derivedAccountStates": [
        "complete",
        "complete",
        "inapplicable",
        "complete",
        "complete",
        "complete"
      ],
      "derivedOutcomeDeficiencies": [
        [
          null,
          null
        ],
        [
          "budget-exhausted",
          null
        ]
      ],
      "derivedSources": [
        [],
        [
          [
            "inventory",
            "budget-exhausted",
            null
          ]
        ]
      ],
      "coverageRecordPairs": [
        [
          [
            null,
            null,
            "cadb33a451bed48e305ddcfbafe2bf9ecd589760120ce78b4eb6ed13cc34c37e"
          ]
        ],
        [
          [
            null,
            null,
            "8a4c79a3ca4222e730edfa1852d29da8c40a5a4f8956469b6fe25fe72e948f46"
          ]
        ],
        [],
        [
          [
            null,
            null,
            "66d7a614b5dac1456033e173b1fbd07b10f2b107ae3a743d4da75c207f9d5928"
          ]
        ],
        [
          [
            null,
            null,
            "1cb521535258b574a52852735628fec6e1a0d8a718f36561081a7e6d1ef4f8a2"
          ]
        ],
        [
          [
            null,
            null,
            "4d10c77d4e1cb1b6d3e62b5672289c24c4df16f1ac29aee2c28f7bf84a1beabc"
          ]
        ]
      ],
      "rowComplete": false,
      "accountSourceUniverses": [],
      "fullRun": null,
      "precedenceTable": null,
      "note": null
    },
    {
      "case": "expected-source-census-uncovered-is-incomplete",
      "controlStanding": "admission",
      "result": "ADMIT",
      "refusals": [],
      "deficiencyCauses": [
        "native-work-incomplete",
        "native-work-incomplete"
      ],
      "deficiencyRelations": [
        "file",
        "package"
      ],
      "deficiencyPairs": [
        [
          null,
          null
        ],
        [
          null,
          null
        ]
      ],
      "deficiencyInputRefs": [
        [
          {
            "domain": "coverage",
            "digest": "78a12f13fb6980e3a0b720ae4086fa877e1b7eb13eee8dacd33020f0b9409cc6"
          }
        ],
        []
      ],
      "derivedOutcomeStates": [
        "partial"
      ],
      "derivedAccountStates": [
        "incomplete",
        "incomplete",
        "inapplicable"
      ],
      "derivedOutcomeDeficiencies": [
        [
          null,
          null
        ]
      ],
      "derivedSources": [
        [
          [
            "account",
            null,
            null
          ],
          [
            "account",
            null,
            null
          ]
        ]
      ],
      "coverageRecordPairs": [
        [
          [
            null,
            null,
            "78a12f13fb6980e3a0b720ae4086fa877e1b7eb13eee8dacd33020f0b9409cc6"
          ]
        ],
        [],
        []
      ],
      "rowComplete": false,
      "accountSourceUniverses": [],
      "fullRun": null,
      "precedenceTable": null,
      "note": null
    },
    {
      "case": "rc3-complete-extraction-keeps-native-resolution",
      "controlStanding": "helper-unit",
      "result": "ADMIT",
      "refusals": [],
      "deficiencyCauses": null,
      "deficiencyRelations": null,
      "deficiencyPairs": null,
      "deficiencyInputRefs": null,
      "derivedOutcomeStates": null,
      "derivedAccountStates": null,
      "derivedOutcomeDeficiencies": null,
      "derivedSources": null,
      "coverageRecordPairs": [
        [
          [
            null,
            null,
            "aaaaaaaaaaaaaaaaaaaaaaaaaaaaaaaaaaaaaaaaaaaaaaaaaaaaaaaaaaaaaaaa"
          ]
        ],
        [
          [
            "budget-exhausted",
            null,
            "aaaaaaaaaaaaaaaaaaaaaaaaaaaaaaaaaaaaaaaaaaaaaaaaaaaaaaaaaaaaaaaa"
          ],
          [
            "input-closure-incomplete",
            "lockfile-missing",
            "bbbbbbbbbbbbbbbbbbbbbbbbbbbbbbbbbbbbbbbbbbbbbbbbbbbbbbbbbbbbbbbb"
          ]
        ]
      ],
      "rowComplete": null,
      "accountSourceUniverses": [],
      "fullRun": null,
      "precedenceTable": null,
      "note": null
    },
    {
      "case": "two-partial-inventories-distinct-canonical-records",
      "controlStanding": "admission",
      "result": "ADMIT",
      "refusals": [],
      "deficiencyCauses": [
        "required-cell-unsatisfied",
        "required-cell-unsatisfied"
      ],
      "deficiencyRelations": [
        null,
        null
      ],
      "deficiencyPairs": [
        [
          "budget-exhausted",
          null
        ],
        [
          "input-closure-incomplete",
          "lockfile-missing"
        ]
      ],
      "deficiencyInputRefs": [
        [
          {
            "domain": "subject-inventory",
            "digest": "942c3a80163995f7b2a5bbc06d6a5390e66d72de0b59afb0316939ba9c0f9f62"
          }
        ],
        [
          {
            "domain": "subject-inventory",
            "digest": "f000568858f60c2d61db5a87ecd56e33a40076402279c1071a4022cf20e6eec1"
          }
        ]
      ],
      "derivedOutcomeStates": [
        "partial"
      ],
      "derivedAccountStates": [
        "complete",
        "complete",
        "inapplicable"
      ],
      "derivedOutcomeDeficiencies": [
        [
          "budget-exhausted",
          null
        ]
      ],
      "derivedSources": [
        [
          [
            "inventory",
            "budget-exhausted",
            null
          ],
          [
            "inventory",
            "input-closure-incomplete",
            "lockfile-missing"
          ]
        ]
      ],
      "coverageRecordPairs": [
        [
          [
            null,
            null,
            "c96e33f4ab90977b4b741e2c4e47a7b312adf739e5bf8ddf04bf1d6062222ff0"
          ]
        ],
        [
          [
            null,
            null,
            "6c1803534378981891c21dc080c2425247cad60a19d7371a348ec91bb60c09ce"
          ]
        ],
        []
      ],
      "rowComplete": false,
      "accountSourceUniverses": [],
      "fullRun": null,
      "precedenceTable": null,
      "note": null
    },
    {
      "case": "unavailable-binding-budget-keeps-inventory-causes",
      "controlStanding": "admission",
      "result": "ADMIT",
      "refusals": [],
      "deficiencyCauses": [
        "required-cell-unsatisfied",
        "required-cell-unsatisfied",
        "required-cell-unsatisfied",
        "required-cell-unsatisfied",
        "required-cell-unsatisfied"
      ],
      "deficiencyRelations": [
        "declares",
        "literal",
        "control-flow",
        null,
        null
      ],
      "deficiencyPairs": [
        [
          "input-closure-incomplete",
          "lockfile-missing"
        ],
        [
          "input-closure-incomplete",
          "lockfile-missing"
        ],
        [
          "input-closure-incomplete",
          "lockfile-missing"
        ],
        [
          "input-closure-incomplete",
          "lockfile-missing"
        ],
        [
          "budget-exhausted",
          null
        ]
      ],
      "deficiencyInputRefs": [
        [],
        [],
        [],
        [],
        [
          {
            "domain": "subject-inventory",
            "digest": "f285bdffc157e4c4e30de8e6c19ff6cdc653e83a7c641e4181e53e3faad29088"
          }
        ]
      ],
      "derivedOutcomeStates": [
        "complete",
        "unavailable"
      ],
      "derivedAccountStates": [
        "complete",
        "complete",
        "inapplicable",
        "unavailable",
        "unavailable",
        "unavailable"
      ],
      "derivedOutcomeDeficiencies": [
        [
          null,
          null
        ],
        [
          "input-closure-incomplete",
          "lockfile-missing"
        ]
      ],
      "derivedSources": [
        [],
        [
          [
            "binding",
            "input-closure-incomplete",
            "lockfile-missing"
          ],
          [
            "inventory",
            "budget-exhausted",
            null
          ]
        ]
      ],
      "coverageRecordPairs": [
        [
          [
            null,
            null,
            "cadb33a451bed48e305ddcfbafe2bf9ecd589760120ce78b4eb6ed13cc34c37e"
          ]
        ],
        [
          [
            null,
            null,
            "8a4c79a3ca4222e730edfa1852d29da8c40a5a4f8956469b6fe25fe72e948f46"
          ]
        ],
        [],
        [],
        [],
        []
      ],
      "rowComplete": false,
      "accountSourceUniverses": [
        [
          "file",
          "enumerated",
          "supported-available",
          "17ce4077e69889aec65c52b4f0c6c686d0be71dfb1b29e386a5a490819a2df61"
        ],
        [
          "package",
          "manifest-declared",
          "supported-available",
          "17ce4077e69889aec65c52b4f0c6c686d0be71dfb1b29e386a5a490819a2df61"
        ],
        [
          "vcs-change",
          "vcs-reported",
          "inapplicable-vcs",
          "17ce4077e69889aec65c52b4f0c6c686d0be71dfb1b29e386a5a490819a2df61"
        ],
        [
          "declares",
          "syntactic",
          "unavailable-null-universe",
          null
        ],
        [
          "literal",
          "syntactic",
          "unavailable-null-universe",
          null
        ],
        [
          "control-flow",
          "syntactic",
          "unavailable-null-universe",
          null
        ]
      ],
      "fullRun": null,
      "precedenceTable": null,
      "note": null
    },
    {
      "case": "unavailable-binding-cause-not-replaced-by-provider-unavailable",
      "controlStanding": "admission",
      "result": "REFUSE",
      "refusals": [
        "EXECUTION_INPUTS_OUTCOME_DERIVE"
      ],
      "deficiencyCauses": [
        "required-cell-unsatisfied",
        "required-cell-unsatisfied",
        "required-cell-unsatisfied",
        "required-cell-unsatisfied",
        "required-cell-unsatisfied"
      ],
      "deficiencyRelations": [
        "declares",
        "literal",
        "control-flow",
        null,
        null
      ],
      "deficiencyPairs": [
        [
          "input-closure-incomplete",
          "lockfile-missing"
        ],
        [
          "input-closure-incomplete",
          "lockfile-missing"
        ],
        [
          "input-closure-incomplete",
          "lockfile-missing"
        ],
        [
          "input-closure-incomplete",
          "lockfile-missing"
        ],
        [
          "budget-exhausted",
          null
        ]
      ],
      "deficiencyInputRefs": [
        [],
        [],
        [],
        [],
        [
          {
            "domain": "subject-inventory",
            "digest": "f285bdffc157e4c4e30de8e6c19ff6cdc653e83a7c641e4181e53e3faad29088"
          }
        ]
      ],
      "derivedOutcomeStates": [
        "complete",
        "unavailable"
      ],
      "derivedAccountStates": [
        "complete",
        "complete",
        "inapplicable",
        "unavailable",
        "unavailable",
        "unavailable"
      ],
      "derivedOutcomeDeficiencies": [
        [
          null,
          null
        ],
        [
          "input-closure-incomplete",
          "lockfile-missing"
        ]
      ],
      "derivedSources": [
        [],
        [
          [
            "binding",
            "input-closure-incomplete",
            "lockfile-missing"
          ],
          [
            "inventory",
            "budget-exhausted",
            null
          ]
        ]
      ],
      "coverageRecordPairs": [
        [
          [
            null,
            null,
            "cadb33a451bed48e305ddcfbafe2bf9ecd589760120ce78b4eb6ed13cc34c37e"
          ]
        ],
        [
          [
            null,
            null,
            "8a4c79a3ca4222e730edfa1852d29da8c40a5a4f8956469b6fe25fe72e948f46"
          ]
        ],
        [],
        [],
        [],
        []
      ],
      "rowComplete": false,
      "accountSourceUniverses": [],
      "fullRun": null,
      "precedenceTable": null,
      "note": null
    },
    {
      "case": "helper-attach-graph-fixture",
      "controlStanding": "admission",
      "result": "ADMIT",
      "refusals": [],
      "deficiencyCauses": [],
      "deficiencyRelations": [],
      "deficiencyPairs": [],
      "deficiencyInputRefs": [],
      "derivedOutcomeStates": [
        "complete"
      ],
      "derivedAccountStates": [
        "complete",
        "complete",
        "inapplicable"
      ],
      "derivedOutcomeDeficiencies": [
        [
          null,
          null
        ]
      ],
      "derivedSources": [
        []
      ],
      "coverageRecordPairs": [
        [
          [
            null,
            null,
            "c96e33f4ab90977b4b741e2c4e47a7b312adf739e5bf8ddf04bf1d6062222ff0"
          ]
        ],
        [
          [
            null,
            null,
            "6c1803534378981891c21dc080c2425247cad60a19d7371a348ec91bb60c09ce"
          ]
        ],
        []
      ],
      "rowComplete": true,
      "accountSourceUniverses": [],
      "fullRun": null,
      "precedenceTable": null,
      "note": null
    },
    {
      "case": "helper-attach-digest-stable-after-outputs",
      "controlStanding": "helper-unit",
      "result": "ADMIT",
      "refusals": [],
      "deficiencyCauses": null,
      "deficiencyRelations": null,
      "deficiencyPairs": null,
      "deficiencyInputRefs": null,
      "derivedOutcomeStates": null,
      "derivedAccountStates": null,
      "derivedOutcomeDeficiencies": null,
      "derivedSources": null,
      "coverageRecordPairs": null,
      "rowComplete": null,
      "accountSourceUniverses": [],
      "fullRun": null,
      "precedenceTable": null,
      "note": null
    },
    {
      "case": "helper-no-policy-schema-roots",
      "controlStanding": "admission",
      "result": "ADMIT",
      "refusals": [],
      "deficiencyCauses": [],
      "deficiencyRelations": [],
      "deficiencyPairs": [],
      "deficiencyInputRefs": [],
      "derivedOutcomeStates": [
        "complete"
      ],
      "derivedAccountStates": [
        "complete",
        "complete",
        "inapplicable"
      ],
      "derivedOutcomeDeficiencies": [
        [
          null,
          null
        ]
      ],
      "derivedSources": [
        []
      ],
      "coverageRecordPairs": [
        [
          [
            null,
            null,
            "c96e33f4ab90977b4b741e2c4e47a7b312adf739e5bf8ddf04bf1d6062222ff0"
          ]
        ],
        [
          [
            null,
            null,
            "6c1803534378981891c21dc080c2425247cad60a19d7371a348ec91bb60c09ce"
          ]
        ],
        []
      ],
      "rowComplete": true,
      "accountSourceUniverses": [],
      "fullRun": null,
      "precedenceTable": null,
      "note": null
    },
    {
      "case": "helper-attach-three-views-full-required-package",
      "controlStanding": "admission",
      "result": "ADMIT",
      "refusals": [],
      "deficiencyCauses": [],
      "deficiencyRelations": [],
      "deficiencyPairs": [],
      "deficiencyInputRefs": [],
      "derivedOutcomeStates": [
        "complete",
        "complete"
      ],
      "derivedAccountStates": [
        "complete",
        "complete",
        "inapplicable",
        "complete",
        "complete",
        "inapplicable"
      ],
      "derivedOutcomeDeficiencies": [
        [
          null,
          null
        ],
        [
          null,
          null
        ]
      ],
      "derivedSources": [
        [],
        []
      ],
      "coverageRecordPairs": [
        [
          [
            null,
            null,
            "c96e33f4ab90977b4b741e2c4e47a7b312adf739e5bf8ddf04bf1d6062222ff0"
          ]
        ],
        [
          [
            null,
            null,
            "6c1803534378981891c21dc080c2425247cad60a19d7371a348ec91bb60c09ce"
          ]
        ],
        [],
        [
          [
            null,
            null,
            "2b365f466d06f235937e15ddf17ed94d59de2490e3315428773321585316659b"
          ]
        ],
        [
          [
            null,
            null,
            "7d3be34ac24760fe0ab75962a2d42421e51ab23c474f405fb48274c7303f059b"
          ]
        ],
        []
      ],
      "rowComplete": false,
      "accountSourceUniverses": [],
      "fullRun": null,
      "precedenceTable": null,
      "note": null
    },
    {
      "case": "helper-attach-semantic-fixture",
      "controlStanding": "admission",
      "result": "ADMIT",
      "refusals": [],
      "deficiencyCauses": [],
      "deficiencyRelations": [],
      "deficiencyPairs": [],
      "deficiencyInputRefs": [],
      "derivedOutcomeStates": [
        "complete",
        "complete",
        "complete"
      ],
      "derivedAccountStates": [
        "complete",
        "complete",
        "inapplicable",
        "complete",
        "complete"
      ],
      "derivedOutcomeDeficiencies": [
        [
          null,
          null
        ],
        [
          null,
          null
        ],
        [
          null,
          null
        ]
      ],
      "derivedSources": [
        [],
        [],
        []
      ],
      "coverageRecordPairs": [
        [
          [
            null,
            null,
            "072b71e9a706b7f7233b186010d022abbeff0b83538739f40d305c379964e149"
          ]
        ],
        [
          [
            null,
            null,
            "6dcd3a9667576756e997c6f9b631867d42abe42e3b65cc6b71bdf6eb96902d71"
          ]
        ],
        [],
        [
          [
            null,
            null,
            "30824dd4c9174f2d0088dcf3bf4c878759a6b5b048d74bbc2abc788613a31eaf"
          ],
          [
            null,
            null,
            "5d58cfc61819ec6a821b5aebcb9e19a6ab799fb88d88621008898db48397431c"
          ]
        ],
        [
          [
            null,
            null,
            "04e950f190ab8e87a81b81a5506752d28c96f05708a044150ed1e2ff32dbfeca"
          ]
        ]
      ],
      "rowComplete": false,
      "accountSourceUniverses": [],
      "fullRun": null,
      "precedenceTable": null,
      "note": null
    },
    {
      "case": "ambient-blob-does-not-change-digest",
      "controlStanding": "helper-unit",
      "result": "ADMIT",
      "refusals": [],
      "deficiencyCauses": null,
      "deficiencyRelations": null,
      "deficiencyPairs": null,
      "deficiencyInputRefs": null,
      "derivedOutcomeStates": null,
      "derivedAccountStates": null,
      "derivedOutcomeDeficiencies": null,
      "derivedSources": null,
      "coverageRecordPairs": null,
      "rowComplete": null,
      "accountSourceUniverses": [],
      "fullRun": null,
      "precedenceTable": null,
      "note": null
    },
    {
      "case": "ambient-object-does-not-change-digest",
      "controlStanding": "helper-unit",
      "result": "ADMIT",
      "refusals": [],
      "deficiencyCauses": null,
      "deficiencyRelations": null,
      "deficiencyPairs": null,
      "deficiencyInputRefs": null,
      "derivedOutcomeStates": null,
      "derivedAccountStates": null,
      "derivedOutcomeDeficiencies": null,
      "derivedSources": null,
      "coverageRecordPairs": null,
      "rowComplete": null,
      "accountSourceUniverses": [],
      "fullRun": null,
      "precedenceTable": null,
      "note": null
    },
    {
      "case": "selected-refs-change-changes-digest",
      "controlStanding": "helper-unit",
      "result": "ADMIT",
      "refusals": [],
      "deficiencyCauses": null,
      "deficiencyRelations": null,
      "deficiencyPairs": null,
      "deficiencyInputRefs": null,
      "derivedOutcomeStates": null,
      "derivedAccountStates": null,
      "derivedOutcomeDeficiencies": null,
      "derivedSources": null,
      "coverageRecordPairs": null,
      "rowComplete": null,
      "accountSourceUniverses": [],
      "fullRun": null,
      "precedenceTable": null,
      "note": null
    },
    {
      "case": "operational-receipt-may-vary-without-run-identity",
      "controlStanding": "helper-unit",
      "result": "ADMIT",
      "refusals": [],
      "deficiencyCauses": null,
      "deficiencyRelations": null,
      "deficiencyPairs": null,
      "deficiencyInputRefs": null,
      "derivedOutcomeStates": null,
      "derivedAccountStates": null,
      "derivedOutcomeDeficiencies": null,
      "derivedSources": null,
      "coverageRecordPairs": null,
      "rowComplete": null,
      "accountSourceUniverses": [],
      "fullRun": null,
      "precedenceTable": null,
      "note": null
    },
    {
      "case": "host-derived-target-sidecar-not-stage-output",
      "controlStanding": "admission",
      "result": "ADMIT",
      "refusals": [],
      "deficiencyCauses": [],
      "deficiencyRelations": [],
      "deficiencyPairs": [],
      "deficiencyInputRefs": [],
      "derivedOutcomeStates": [
        "complete"
      ],
      "derivedAccountStates": [
        "complete",
        "complete",
        "inapplicable"
      ],
      "derivedOutcomeDeficiencies": [
        [
          null,
          null
        ]
      ],
      "derivedSources": [
        []
      ],
      "coverageRecordPairs": [
        [
          [
            null,
            null,
            "c96e33f4ab90977b4b741e2c4e47a7b312adf739e5bf8ddf04bf1d6062222ff0"
          ]
        ],
        [
          [
            null,
            null,
            "6c1803534378981891c21dc080c2425247cad60a19d7371a348ec91bb60c09ce"
          ]
        ],
        []
      ],
      "rowComplete": true,
      "accountSourceUniverses": [],
      "fullRun": null,
      "precedenceTable": null,
      "note": null
    },
    {
      "case": "applicability-first-match-precedence",
      "controlStanding": "helper-unit",
      "result": "ADMIT",
      "refusals": [],
      "deficiencyCauses": null,
      "deficiencyRelations": null,
      "deficiencyPairs": null,
      "deficiencyInputRefs": null,
      "derivedOutcomeStates": null,
      "derivedAccountStates": null,
      "derivedOutcomeDeficiencies": null,
      "derivedSources": null,
      "coverageRecordPairs": null,
      "rowComplete": null,
      "accountSourceUniverses": [],
      "fullRun": null,
      "precedenceTable": [
        {
          "case": "vcs-none-over-unsupported-unselected-null",
          "want": "inapplicable-vcs",
          "got": "inapplicable-vcs"
        },
        {
          "case": "vcs-none-over-supported-selected-u",
          "want": "inapplicable-vcs",
          "got": "inapplicable-vcs"
        },
        {
          "case": "vcs-reported-is-supported",
          "want": "supported-available",
          "got": "supported-available"
        },
        {
          "case": "unsupported-over-unselected-and-null",
          "want": "unsupported-typed",
          "got": "unsupported-typed"
        },
        {
          "case": "unsupported-over-null-universe",
          "want": "unsupported-typed",
          "got": "unsupported-typed"
        },
        {
          "case": "unsupported-at-selected-u",
          "want": "unsupported-typed",
          "got": "unsupported-typed"
        },
        {
          "case": "unselected-over-null-universe",
          "want": "unavailable-unselected",
          "got": "unavailable-unselected"
        },
        {
          "case": "selected-null-universe",
          "want": "unavailable-null-universe",
          "got": "unavailable-null-universe"
        },
        {
          "case": "selected-u-supported",
          "want": "supported-available",
          "got": "supported-available"
        },
        {
          "case": "vcs-none-does-not-touch-other-relations",
          "want": "supported-available",
          "got": "supported-available"
        }
      ],
      "note": null
    },
    {
      "case": "inapplicable-vcs-account-carries-binding-universe",
      "controlStanding": "admission",
      "result": "ADMIT",
      "refusals": [],
      "deficiencyCauses": [],
      "deficiencyRelations": [],
      "deficiencyPairs": [],
      "deficiencyInputRefs": [],
      "derivedOutcomeStates": [
        "complete"
      ],
      "derivedAccountStates": [
        "complete",
        "complete",
        "inapplicable"
      ],
      "derivedOutcomeDeficiencies": [
        [
          null,
          null
        ]
      ],
      "derivedSources": [
        []
      ],
      "coverageRecordPairs": [
        [
          [
            null,
            null,
            "c96e33f4ab90977b4b741e2c4e47a7b312adf739e5bf8ddf04bf1d6062222ff0"
          ]
        ],
        [
          [
            null,
            null,
            "6c1803534378981891c21dc080c2425247cad60a19d7371a348ec91bb60c09ce"
          ]
        ],
        []
      ],
      "rowComplete": true,
      "accountSourceUniverses": [
        [
          "file",
          "enumerated",
          "supported-available",
          "17ce4077e69889aec65c52b4f0c6c686d0be71dfb1b29e386a5a490819a2df61"
        ],
        [
          "package",
          "manifest-declared",
          "supported-available",
          "17ce4077e69889aec65c52b4f0c6c686d0be71dfb1b29e386a5a490819a2df61"
        ],
        [
          "vcs-change",
          "vcs-reported",
          "inapplicable-vcs",
          "17ce4077e69889aec65c52b4f0c6c686d0be71dfb1b29e386a5a490819a2df61"
        ]
      ],
      "fullRun": null,
      "precedenceTable": null,
      "note": "binding U 17ce4077e69889aec65c52b4f0c6c686d0be71dfb1b29e386a5a490819a2df61"
    },
    {
      "case": "inapplicable-vcs-account-null-source-universe-refuses",
      "controlStanding": "admission",
      "result": "REFUSE",
      "refusals": [
        "EXECUTION_INPUTS_COVERAGE_DERIVE"
      ],
      "deficiencyCauses": [],
      "deficiencyRelations": [],
      "deficiencyPairs": [],
      "deficiencyInputRefs": [],
      "derivedOutcomeStates": [
        "complete"
      ],
      "derivedAccountStates": [
        "complete",
        "complete",
        "inapplicable"
      ],
      "derivedOutcomeDeficiencies": [
        [
          null,
          null
        ]
      ],
      "derivedSources": [
        []
      ],
      "coverageRecordPairs": [
        [
          [
            null,
            null,
            "c96e33f4ab90977b4b741e2c4e47a7b312adf739e5bf8ddf04bf1d6062222ff0"
          ]
        ],
        [
          [
            null,
            null,
            "6c1803534378981891c21dc080c2425247cad60a19d7371a348ec91bb60c09ce"
          ]
        ],
        []
      ],
      "rowComplete": true,
      "accountSourceUniverses": [],
      "fullRun": null,
      "precedenceTable": null,
      "note": null
    },
    {
      "case": "unsupported-typed-account-carries-binding-universe",
      "controlStanding": "admission",
      "result": "ADMIT",
      "refusals": [],
      "deficiencyCauses": [
        "unsupported-typed"
      ],
      "deficiencyRelations": [
        "references"
      ],
      "deficiencyPairs": [
        [
          "language-tier-unsupported",
          "capability-missing"
        ]
      ],
      "deficiencyInputRefs": [
        []
      ],
      "derivedOutcomeStates": [
        "complete",
        "complete"
      ],
      "derivedAccountStates": [
        "complete",
        "complete",
        "inapplicable",
        "unsupported"
      ],
      "derivedOutcomeDeficiencies": [
        [
          null,
          null
        ],
        [
          null,
          null
        ]
      ],
      "derivedSources": [
        [],
        []
      ],
      "coverageRecordPairs": [
        [
          [
            null,
            null,
            "c96e33f4ab90977b4b741e2c4e47a7b312adf739e5bf8ddf04bf1d6062222ff0"
          ]
        ],
        [
          [
            null,
            null,
            "6c1803534378981891c21dc080c2425247cad60a19d7371a348ec91bb60c09ce"
          ]
        ],
        [],
        []
      ],
      "rowComplete": false,
      "accountSourceUniverses": [
        [
          "file",
          "enumerated",
          "supported-available",
          "17ce4077e69889aec65c52b4f0c6c686d0be71dfb1b29e386a5a490819a2df61"
        ],
        [
          "package",
          "manifest-declared",
          "supported-available",
          "17ce4077e69889aec65c52b4f0c6c686d0be71dfb1b29e386a5a490819a2df61"
        ],
        [
          "vcs-change",
          "vcs-reported",
          "inapplicable-vcs",
          "17ce4077e69889aec65c52b4f0c6c686d0be71dfb1b29e386a5a490819a2df61"
        ],
        [
          "references",
          "resolved-binding",
          "unsupported-typed",
          "17ce4077e69889aec65c52b4f0c6c686d0be71dfb1b29e386a5a490819a2df61"
        ]
      ],
      "fullRun": null,
      "precedenceTable": null,
      "note": null
    },
    {
      "case": "unsupported-typed-account-null-source-universe-refuses",
      "controlStanding": "admission",
      "result": "REFUSE",
      "refusals": [
        "EXECUTION_INPUTS_COVERAGE_DERIVE"
      ],
      "deficiencyCauses": [
        "unsupported-typed"
      ],
      "deficiencyRelations": [
        "references"
      ],
      "deficiencyPairs": [
        [
          "language-tier-unsupported",
          "capability-missing"
        ]
      ],
      "deficiencyInputRefs": [
        []
      ],
      "derivedOutcomeStates": [
        "complete",
        "complete"
      ],
      "derivedAccountStates": [
        "complete",
        "complete",
        "inapplicable",
        "unsupported"
      ],
      "derivedOutcomeDeficiencies": [
        [
          null,
          null
        ],
        [
          null,
          null
        ]
      ],
      "derivedSources": [
        [],
        []
      ],
      "coverageRecordPairs": [
        [
          [
            null,
            null,
            "c96e33f4ab90977b4b741e2c4e47a7b312adf739e5bf8ddf04bf1d6062222ff0"
          ]
        ],
        [
          [
            null,
            null,
            "6c1803534378981891c21dc080c2425247cad60a19d7371a348ec91bb60c09ce"
          ]
        ],
        [],
        []
      ],
      "rowComplete": false,
      "accountSourceUniverses": [],
      "fullRun": null,
      "precedenceTable": null,
      "note": null
    },
    {
      "case": "optional-unsupported-cell-owes-no-required-cell-row",
      "controlStanding": "admission",
      "result": "ADMIT",
      "refusals": [],
      "deficiencyCauses": [],
      "deficiencyRelations": [],
      "deficiencyPairs": [],
      "deficiencyInputRefs": [],
      "derivedOutcomeStates": [
        "complete",
        "complete"
      ],
      "derivedAccountStates": [
        "complete",
        "complete",
        "inapplicable",
        "unsupported"
      ],
      "derivedOutcomeDeficiencies": [
        [
          null,
          null
        ],
        [
          null,
          null
        ]
      ],
      "derivedSources": [
        [],
        []
      ],
      "coverageRecordPairs": [
        [
          [
            null,
            null,
            "c96e33f4ab90977b4b741e2c4e47a7b312adf739e5bf8ddf04bf1d6062222ff0"
          ]
        ],
        [
          [
            null,
            null,
            "6c1803534378981891c21dc080c2425247cad60a19d7371a348ec91bb60c09ce"
          ]
        ],
        [],
        []
      ],
      "rowComplete": false,
      "accountSourceUniverses": [
        [
          "file",
          "enumerated",
          "supported-available",
          "17ce4077e69889aec65c52b4f0c6c686d0be71dfb1b29e386a5a490819a2df61"
        ],
        [
          "package",
          "manifest-declared",
          "supported-available",
          "17ce4077e69889aec65c52b4f0c6c686d0be71dfb1b29e386a5a490819a2df61"
        ],
        [
          "vcs-change",
          "vcs-reported",
          "inapplicable-vcs",
          "17ce4077e69889aec65c52b4f0c6c686d0be71dfb1b29e386a5a490819a2df61"
        ],
        [
          "references",
          "resolved-binding",
          "unsupported-typed",
          "17ce4077e69889aec65c52b4f0c6c686d0be71dfb1b29e386a5a490819a2df61"
        ]
      ],
      "fullRun": null,
      "precedenceTable": null,
      "note": "selected enumerator, non-null U, admitted synthetic unknown Coverage; establishes the absence of a required-cell row only, not the absence of provider execution"
    },
    {
      "case": "optional-unselected-account-retained-typed-disclosure",
      "controlStanding": "admission",
      "result": "ADMIT",
      "refusals": [],
      "deficiencyCauses": [],
      "deficiencyRelations": [],
      "deficiencyPairs": [],
      "deficiencyInputRefs": [],
      "derivedOutcomeStates": [
        "complete",
        "unavailable"
      ],
      "derivedAccountStates": [
        "complete",
        "complete",
        "inapplicable",
        "unavailable",
        "unavailable",
        "unavailable"
      ],
      "derivedOutcomeDeficiencies": [
        [
          null,
          null
        ],
        [
          "provider-unavailable",
          null
        ]
      ],
      "derivedSources": [
        [],
        [
          [
            "enumerator",
            "provider-unavailable",
            null
          ],
          [
            "inventory",
            "provider-unavailable",
            null
          ]
        ]
      ],
      "coverageRecordPairs": [
        [
          [
            null,
            null,
            "c96e33f4ab90977b4b741e2c4e47a7b312adf739e5bf8ddf04bf1d6062222ff0"
          ]
        ],
        [
          [
            null,
            null,
            "6c1803534378981891c21dc080c2425247cad60a19d7371a348ec91bb60c09ce"
          ]
        ],
        [],
        [],
        [],
        []
      ],
      "rowComplete": false,
      "accountSourceUniverses": [
        [
          "file",
          "enumerated",
          "supported-available",
          "17ce4077e69889aec65c52b4f0c6c686d0be71dfb1b29e386a5a490819a2df61"
        ],
        [
          "package",
          "manifest-declared",
          "supported-available",
          "17ce4077e69889aec65c52b4f0c6c686d0be71dfb1b29e386a5a490819a2df61"
        ],
        [
          "vcs-change",
          "vcs-reported",
          "inapplicable-vcs",
          "17ce4077e69889aec65c52b4f0c6c686d0be71dfb1b29e386a5a490819a2df61"
        ],
        [
          "declares",
          "syntactic",
          "unavailable-unselected",
          null
        ],
        [
          "literal",
          "syntactic",
          "unavailable-unselected",
          null
        ],
        [
          "control-flow",
          "syntactic",
          "unavailable-unselected",
          null
        ]
      ],
      "fullRun": null,
      "precedenceTable": null,
      "note": null
    },
    {
      "case": "null-binding-universe-account-must-stay-null",
      "controlStanding": "admission",
      "result": "REFUSE",
      "refusals": [
        "EXECUTION_INPUTS_COVERAGE_DERIVE"
      ],
      "deficiencyCauses": [],
      "deficiencyRelations": [],
      "deficiencyPairs": [],
      "deficiencyInputRefs": [],
      "derivedOutcomeStates": [
        "complete",
        "unavailable"
      ],
      "derivedAccountStates": [
        "complete",
        "complete",
        "inapplicable",
        "unavailable",
        "unavailable",
        "unavailable"
      ],
      "derivedOutcomeDeficiencies": [
        [
          null,
          null
        ],
        [
          "provider-unavailable",
          null
        ]
      ],
      "derivedSources": [
        [],
        [
          [
            "enumerator",
            "provider-unavailable",
            null
          ],
          [
            "inventory",
            "provider-unavailable",
            null
          ]
        ]
      ],
      "coverageRecordPairs": [
        [
          [
            null,
            null,
            "c96e33f4ab90977b4b741e2c4e47a7b312adf739e5bf8ddf04bf1d6062222ff0"
          ]
        ],
        [
          [
            null,
            null,
            "6c1803534378981891c21dc080c2425247cad60a19d7371a348ec91bb60c09ce"
          ]
        ],
        [],
        [],
        [],
        []
      ],
      "rowComplete": false,
      "accountSourceUniverses": [],
      "fullRun": null,
      "precedenceTable": null,
      "note": null
    },
    {
      "case": "foreign-universe-account-source-universe-refuses",
      "controlStanding": "admission",
      "result": "REFUSE",
      "refusals": [
        "EXECUTION_INPUTS_COVERAGE_DERIVE"
      ],
      "deficiencyCauses": [],
      "deficiencyRelations": [],
      "deficiencyPairs": [],
      "deficiencyInputRefs": [],
      "derivedOutcomeStates": [
        "complete",
        "complete"
      ],
      "derivedAccountStates": [
        "complete",
        "complete",
        "inapplicable",
        "complete",
        "complete",
        "inapplicable"
      ],
      "derivedOutcomeDeficiencies": [
        [
          null,
          null
        ],
        [
          null,
          null
        ]
      ],
      "derivedSources": [
        [],
        []
      ],
      "coverageRecordPairs": [
        [
          [
            null,
            null,
            "c96e33f4ab90977b4b741e2c4e47a7b312adf739e5bf8ddf04bf1d6062222ff0"
          ]
        ],
        [
          [
            null,
            null,
            "6c1803534378981891c21dc080c2425247cad60a19d7371a348ec91bb60c09ce"
          ]
        ],
        [],
        [
          [
            null,
            null,
            "2b365f466d06f235937e15ddf17ed94d59de2490e3315428773321585316659b"
          ]
        ],
        [
          [
            null,
            null,
            "7d3be34ac24760fe0ab75962a2d42421e51ab23c474f405fb48274c7303f059b"
          ]
        ],
        []
      ],
      "rowComplete": false,
      "accountSourceUniverses": [],
      "fullRun": null,
      "precedenceTable": null,
      "note": null
    },
    {
      "case": "account-target-universe-null-admits-in-a-two-universe-run",
      "controlStanding": "admission",
      "result": "ADMIT",
      "refusals": [],
      "deficiencyCauses": [],
      "deficiencyRelations": [],
      "deficiencyPairs": [],
      "deficiencyInputRefs": [],
      "derivedOutcomeStates": [
        "complete",
        "complete"
      ],
      "derivedAccountStates": [
        "complete",
        "complete",
        "inapplicable",
        "complete",
        "complete",
        "inapplicable"
      ],
      "derivedOutcomeDeficiencies": [
        [
          null,
          null
        ],
        [
          null,
          null
        ]
      ],
      "derivedSources": [
        [],
        []
      ],
      "coverageRecordPairs": [
        [
          [
            null,
            null,
            "c96e33f4ab90977b4b741e2c4e47a7b312adf739e5bf8ddf04bf1d6062222ff0"
          ]
        ],
        [
          [
            null,
            null,
            "6c1803534378981891c21dc080c2425247cad60a19d7371a348ec91bb60c09ce"
          ]
        ],
        [],
        [
          [
            null,
            null,
            "2b365f466d06f235937e15ddf17ed94d59de2490e3315428773321585316659b"
          ]
        ],
        [
          [
            null,
            null,
            "7d3be34ac24760fe0ab75962a2d42421e51ab23c474f405fb48274c7303f059b"
          ]
        ],
        []
      ],
      "rowComplete": false,
      "accountSourceUniverses": [],
      "fullRun": null,
      "precedenceTable": null,
      "note": null
    },
    {
      "case": "account-target-universe-non-null-refuses",
      "controlStanding": "admission",
      "result": "REFUSE",
      "refusals": [
        "EXECUTION_INPUTS_SCHEMA"
      ],
      "deficiencyCauses": [],
      "deficiencyRelations": [],
      "deficiencyPairs": [],
      "deficiencyInputRefs": [],
      "derivedOutcomeStates": [],
      "derivedAccountStates": [],
      "derivedOutcomeDeficiencies": [],
      "derivedSources": [],
      "coverageRecordPairs": null,
      "rowComplete": false,
      "accountSourceUniverses": [],
      "fullRun": null,
      "precedenceTable": null,
      "note": null
    },
    {
      "case": "census-missing-subjects-derive-null-pair",
      "controlStanding": "admission",
      "result": "ADMIT",
      "refusals": [],
      "deficiencyCauses": [
        "native-work-incomplete",
        "native-work-incomplete"
      ],
      "deficiencyRelations": [
        "file",
        "package"
      ],
      "deficiencyPairs": [
        [
          null,
          null
        ],
        [
          null,
          null
        ]
      ],
      "deficiencyInputRefs": [
        [
          {
            "domain": "coverage",
            "digest": "78a12f13fb6980e3a0b720ae4086fa877e1b7eb13eee8dacd33020f0b9409cc6"
          }
        ],
        []
      ],
      "derivedOutcomeStates": [
        "partial"
      ],
      "derivedAccountStates": [
        "incomplete",
        "incomplete",
        "inapplicable"
      ],
      "derivedOutcomeDeficiencies": [
        [
          null,
          null
        ]
      ],
      "derivedSources": [
        [
          [
            "account",
            null,
            null
          ],
          [
            "account",
            null,
            null
          ]
        ]
      ],
      "coverageRecordPairs": [
        [
          [
            null,
            null,
            "78a12f13fb6980e3a0b720ae4086fa877e1b7eb13eee8dacd33020f0b9409cc6"
          ]
        ],
        [],
        []
      ],
      "rowComplete": false,
      "accountSourceUniverses": [],
      "fullRun": null,
      "precedenceTable": null,
      "note": null
    },
    {
      "case": "census-missing-subjects-host-may-not-claim-provider-unavailable",
      "controlStanding": "admission",
      "result": "REFUSE",
      "refusals": [
        "EXECUTION_INPUTS_OUTCOME_DERIVE"
      ],
      "deficiencyCauses": [
        "native-work-incomplete",
        "native-work-incomplete"
      ],
      "deficiencyRelations": [
        "file",
        "package"
      ],
      "deficiencyPairs": [
        [
          null,
          null
        ],
        [
          null,
          null
        ]
      ],
      "deficiencyInputRefs": [
        [
          {
            "domain": "coverage",
            "digest": "78a12f13fb6980e3a0b720ae4086fa877e1b7eb13eee8dacd33020f0b9409cc6"
          }
        ],
        []
      ],
      "derivedOutcomeStates": [
        "partial"
      ],
      "derivedAccountStates": [
        "incomplete",
        "incomplete",
        "inapplicable"
      ],
      "derivedOutcomeDeficiencies": [
        [
          null,
          null
        ]
      ],
      "derivedSources": [
        [
          [
            "account",
            null,
            null
          ],
          [
            "account",
            null,
            null
          ]
        ]
      ],
      "coverageRecordPairs": [
        [
          [
            null,
            null,
            "78a12f13fb6980e3a0b720ae4086fa877e1b7eb13eee8dacd33020f0b9409cc6"
          ]
        ],
        [],
        []
      ],
      "rowComplete": false,
      "accountSourceUniverses": [],
      "fullRun": null,
      "precedenceTable": null,
      "note": null
    },
    {
      "case": "empty-returned-partitions-host-may-not-claim-provider-unavailable",
      "controlStanding": "admission",
      "result": "REFUSE",
      "refusals": [
        "EXECUTION_INPUTS_OUTCOME_DERIVE"
      ],
      "deficiencyCauses": [
        "native-work-incomplete"
      ],
      "deficiencyRelations": [
        "package"
      ],
      "deficiencyPairs": [
        [
          null,
          null
        ]
      ],
      "deficiencyInputRefs": [
        []
      ],
      "derivedOutcomeStates": [
        "partial"
      ],
      "derivedAccountStates": [
        "complete",
        "incomplete",
        "inapplicable"
      ],
      "derivedOutcomeDeficiencies": [
        [
          null,
          null
        ]
      ],
      "derivedSources": [
        [
          [
            "account",
            null,
            null
          ]
        ]
      ],
      "coverageRecordPairs": [
        [
          [
            null,
            null,
            "c96e33f4ab90977b4b741e2c4e47a7b312adf739e5bf8ddf04bf1d6062222ff0"
          ]
        ],
        [],
        []
      ],
      "rowComplete": false,
      "accountSourceUniverses": [],
      "fullRun": null,
      "precedenceTable": null,
      "note": null
    },
    {
      "case": "typed-native-carrier-survives-alongside-census-failure",
      "controlStanding": "admission",
      "result": "ADMIT",
      "refusals": [],
      "deficiencyCauses": [
        "native-work-incomplete",
        "native-work-incomplete"
      ],
      "deficiencyRelations": [
        "file",
        "package"
      ],
      "deficiencyPairs": [
        [
          "budget-exhausted",
          null
        ],
        [
          null,
          null
        ]
      ],
      "deficiencyInputRefs": [
        [
          {
            "domain": "coverage",
            "digest": "64ba3dad1ee3a550a0863af589fceac66ae5953796e56d63e23a51134d741a6c"
          }
        ],
        []
      ],
      "derivedOutcomeStates": [
        "partial"
      ],
      "derivedAccountStates": [
        "incomplete",
        "incomplete",
        "inapplicable"
      ],
      "derivedOutcomeDeficiencies": [
        [
          "budget-exhausted",
          null
        ]
      ],
      "derivedSources": [
        [
          [
            "coverage",
            "budget-exhausted",
            null
          ],
          [
            "account",
            null,
            null
          ]
        ]
      ],
      "coverageRecordPairs": [
        [
          [
            "budget-exhausted",
            null,
            "64ba3dad1ee3a550a0863af589fceac66ae5953796e56d63e23a51134d741a6c"
          ]
        ],
        [],
        []
      ],
      "rowComplete": false,
      "accountSourceUniverses": [],
      "fullRun": null,
      "precedenceTable": null,
      "note": null
    },
    {
      "case": "typed-inventory-carriers-survive-alongside-census-failure",
      "controlStanding": "admission",
      "result": "ADMIT",
      "refusals": [],
      "deficiencyCauses": [
        "native-work-incomplete",
        "required-cell-unsatisfied",
        "required-cell-unsatisfied"
      ],
      "deficiencyRelations": [
        "file",
        null,
        null
      ],
      "deficiencyPairs": [
        [
          null,
          null
        ],
        [
          "budget-exhausted",
          null
        ],
        [
          "input-closure-incomplete",
          "lockfile-missing"
        ]
      ],
      "deficiencyInputRefs": [
        [
          {
            "domain": "coverage",
            "digest": "78a12f13fb6980e3a0b720ae4086fa877e1b7eb13eee8dacd33020f0b9409cc6"
          }
        ],
        [
          {
            "domain": "subject-inventory",
            "digest": "942c3a80163995f7b2a5bbc06d6a5390e66d72de0b59afb0316939ba9c0f9f62"
          }
        ],
        [
          {
            "domain": "subject-inventory",
            "digest": "f000568858f60c2d61db5a87ecd56e33a40076402279c1071a4022cf20e6eec1"
          }
        ]
      ],
      "derivedOutcomeStates": [
        "partial"
      ],
      "derivedAccountStates": [
        "incomplete",
        "complete",
        "inapplicable"
      ],
      "derivedOutcomeDeficiencies": [
        [
          "budget-exhausted",
          null
        ]
      ],
      "derivedSources": [
        [
          [
            "inventory",
            "budget-exhausted",
            null
          ],
          [
            "inventory",
            "input-closure-incomplete",
            "lockfile-missing"
          ],
          [
            "account",
            null,
            null
          ]
        ]
      ],
      "coverageRecordPairs": [
        [
          [
            null,
            null,
            "78a12f13fb6980e3a0b720ae4086fa877e1b7eb13eee8dacd33020f0b9409cc6"
          ]
        ],
        [
          [
            null,
            null,
            "6c1803534378981891c21dc080c2425247cad60a19d7371a348ec91bb60c09ce"
          ]
        ],
        []
      ],
      "rowComplete": false,
      "accountSourceUniverses": [],
      "fullRun": null,
      "precedenceTable": null,
      "note": null
    },
    {
      "case": "mixed-accounts-first-typed-pair-not-first-source",
      "controlStanding": "admission",
      "result": "ADMIT",
      "refusals": [],
      "deficiencyCauses": [
        "native-work-incomplete",
        "native-work-incomplete"
      ],
      "deficiencyRelations": [
        "file",
        "package"
      ],
      "deficiencyPairs": [
        [
          null,
          null
        ],
        [
          "budget-exhausted",
          null
        ]
      ],
      "deficiencyInputRefs": [
        [
          {
            "domain": "coverage",
            "digest": "78a12f13fb6980e3a0b720ae4086fa877e1b7eb13eee8dacd33020f0b9409cc6"
          }
        ],
        [
          {
            "domain": "coverage",
            "digest": "a81dcea9c8f633817ebaa4579215cd990b647155685a4b7ed3cf4dfc83ba1f69"
          }
        ]
      ],
      "derivedOutcomeStates": [
        "partial"
      ],
      "derivedAccountStates": [
        "incomplete",
        "incomplete",
        "inapplicable"
      ],
      "derivedOutcomeDeficiencies": [
        [
          "budget-exhausted",
          null
        ]
      ],
      "derivedSources": [
        [
          [
            "account",
            null,
            null
          ],
          [
            "coverage",
            "budget-exhausted",
            null
          ]
        ]
      ],
      "coverageRecordPairs": [
        [
          [
            null,
            null,
            "78a12f13fb6980e3a0b720ae4086fa877e1b7eb13eee8dacd33020f0b9409cc6"
          ]
        ],
        [
          [
            "budget-exhausted",
            null,
            "a81dcea9c8f633817ebaa4579215cd990b647155685a4b7ed3cf4dfc83ba1f69"
          ]
        ],
        []
      ],
      "rowComplete": false,
      "accountSourceUniverses": [],
      "fullRun": null,
      "precedenceTable": null,
      "note": null
    },
    {
      "case": "full-run-mixed-accounts-first-typed-pair",
      "controlStanding": "closed-run",
      "result": "ADMIT",
      "refusals": [],
      "deficiencyCauses": [
        "native-work-incomplete",
        "native-work-incomplete"
      ],
      "deficiencyRelations": [
        "file",
        "package"
      ],
      "deficiencyPairs": [
        [
          null,
          null
        ],
        [
          "budget-exhausted",
          null
        ]
      ],
      "deficiencyInputRefs": [
        [
          {
            "domain": "coverage",
            "digest": "78a12f13fb6980e3a0b720ae4086fa877e1b7eb13eee8dacd33020f0b9409cc6"
          }
        ],
        [
          {
            "domain": "coverage",
            "digest": "a81dcea9c8f633817ebaa4579215cd990b647155685a4b7ed3cf4dfc83ba1f69"
          }
        ]
      ],
      "derivedOutcomeStates": [
        "partial"
      ],
      "derivedAccountStates": [
        "incomplete",
        "incomplete",
        "inapplicable"
      ],
      "derivedOutcomeDeficiencies": [
        [
          "budget-exhausted",
          null
        ]
      ],
      "derivedSources": [
        [
          [
            "account",
            null,
            null
          ],
          [
            "coverage",
            "budget-exhausted",
            null
          ]
        ]
      ],
      "coverageRecordPairs": [
        [
          [
            null,
            null,
            "78a12f13fb6980e3a0b720ae4086fa877e1b7eb13eee8dacd33020f0b9409cc6"
          ]
        ],
        [
          [
            "budget-exhausted",
            null,
            "a81dcea9c8f633817ebaa4579215cd990b647155685a4b7ed3cf4dfc83ba1f69"
          ]
        ],
        []
      ],
      "rowComplete": false,
      "accountSourceUniverses": [],
      "fullRun": {
        "case": "mixed-accounts",
        "verdict": "indeterminate",
        "runId": "run3:2cf88b9386d44403dee9d4ef19f9a0947546bdadac95d8a8310a68589bffe841",
        "executionCausePairs": [
          [
            "budget-exhausted",
            null
          ],
          [
            "required-cell-unsatisfied",
            null
          ]
        ],
        "executionInputRefs": [
          [
            [
              "execution-inputs",
              "5f6b8d2431e796f54eafaec63491b9f7ec1763d5395719e8df34d674ee133e8c"
            ],
            [
              "coverage",
              "a81dcea9c8f633817ebaa4579215cd990b647155685a4b7ed3cf4dfc83ba1f69"
            ]
          ],
          [
            [
              "execution-inputs",
              "5f6b8d2431e796f54eafaec63491b9f7ec1763d5395719e8df34d674ee133e8c"
            ],
            [
              "coverage",
              "78a12f13fb6980e3a0b720ae4086fa877e1b7eb13eee8dacd33020f0b9409cc6"
            ]
          ]
        ],
        "sameGraphAdmissionResult": "ADMIT",
        "sameGraphExecutionInputsDigest": "5f6b8d2431e796f54eafaec63491b9f7ec1763d5395719e8df34d674ee133e8c",
        "proofExecutionInputsDigest": "5f6b8d2431e796f54eafaec63491b9f7ec1763d5395719e8df34d674ee133e8c",
        "sameGraphCellStates": [
          "partial"
        ],
        "bridgedCausesFromAdmission": [
          "budget-exhausted",
          "required-cell-unsatisfied"
        ],
        "admissionColumnProvenance": "admit_execution_inputs on the same graph; the Run performs this same call via evaluator_input_model.execution_input_account but does not return it."
      },
      "precedenceTable": null,
      "note": null
    },
    {
      "case": "optional-candidate-absent-envelope-derives-null-pair",
      "controlStanding": "admission",
      "result": "ADMIT",
      "refusals": [],
      "deficiencyCauses": [],
      "deficiencyRelations": [],
      "deficiencyPairs": [],
      "deficiencyInputRefs": [],
      "derivedOutcomeStates": [
        "unavailable"
      ],
      "derivedAccountStates": [],
      "derivedOutcomeDeficiencies": [
        [
          null,
          null
        ]
      ],
      "derivedSources": [
        [
          [
            "candidate",
            null,
            null
          ]
        ]
      ],
      "coverageRecordPairs": null,
      "rowComplete": false,
      "accountSourceUniverses": [],
      "fullRun": null,
      "precedenceTable": null,
      "note": null
    },
    {
      "case": "required-candidate-absent-envelope-still-refuses",
      "controlStanding": "admission",
      "result": "REFUSE",
      "refusals": [
        "EXECUTION_INPUTS_CANDIDATE_REQUIRED"
      ],
      "deficiencyCauses": [
        "required-cell-unsatisfied"
      ],
      "deficiencyRelations": [
        null
      ],
      "deficiencyPairs": [
        [
          null,
          null
        ]
      ],
      "deficiencyInputRefs": [
        []
      ],
      "derivedOutcomeStates": [
        "unavailable"
      ],
      "derivedAccountStates": [],
      "derivedOutcomeDeficiencies": [
        [
          null,
          null
        ]
      ],
      "derivedSources": [
        [
          [
            "candidate",
            null,
            null
          ]
        ]
      ],
      "coverageRecordPairs": null,
      "rowComplete": false,
      "accountSourceUniverses": [],
      "fullRun": null,
      "precedenceTable": null,
      "note": null
    },
    {
      "case": "full-run-empty-returned-partitions-bridge-required-cell-unsatisfied",
      "controlStanding": "closed-run",
      "result": "ADMIT",
      "refusals": [],
      "deficiencyCauses": [
        "native-work-incomplete"
      ],
      "deficiencyRelations": [
        "package"
      ],
      "deficiencyPairs": [
        [
          null,
          null
        ]
      ],
      "deficiencyInputRefs": [
        []
      ],
      "derivedOutcomeStates": [
        "partial"
      ],
      "derivedAccountStates": [
        "complete",
        "incomplete",
        "inapplicable"
      ],
      "derivedOutcomeDeficiencies": [
        [
          null,
          null
        ]
      ],
      "derivedSources": [
        [
          [
            "account",
            null,
            null
          ]
        ]
      ],
      "coverageRecordPairs": [
        [
          [
            null,
            null,
            "c96e33f4ab90977b4b741e2c4e47a7b312adf739e5bf8ddf04bf1d6062222ff0"
          ]
        ],
        [],
        []
      ],
      "rowComplete": false,
      "accountSourceUniverses": [],
      "fullRun": {
        "case": "empty-returned-partitions",
        "verdict": "indeterminate",
        "runId": "run3:b6c1cff2b3e90d48d8b76848a408ee75529ea748422cb3186f54036f31086c90",
        "executionCausePairs": [
          [
            "required-cell-unsatisfied",
            null
          ]
        ],
        "executionInputRefs": [
          [
            [
              "execution-inputs",
              "8414f4c4250bbb3201c676ccf89c7e85fdd03038aed0b084278e448f81a009ff"
            ]
          ]
        ],
        "sameGraphAdmissionResult": "ADMIT",
        "sameGraphExecutionInputsDigest": "8414f4c4250bbb3201c676ccf89c7e85fdd03038aed0b084278e448f81a009ff",
        "proofExecutionInputsDigest": "8414f4c4250bbb3201c676ccf89c7e85fdd03038aed0b084278e448f81a009ff",
        "sameGraphCellStates": [
          "partial"
        ],
        "bridgedCausesFromAdmission": [
          "required-cell-unsatisfied"
        ],
        "admissionColumnProvenance": "admit_execution_inputs on the same graph; the Run performs this same call via evaluator_input_model.execution_input_account but does not return it."
      },
      "precedenceTable": null,
      "note": null
    },
    {
      "case": "full-run-census-missing-subjects-bridge-keeps-originating-coverage",
      "controlStanding": "closed-run",
      "result": "ADMIT",
      "refusals": [],
      "deficiencyCauses": [
        "native-work-incomplete"
      ],
      "deficiencyRelations": [
        "file"
      ],
      "deficiencyPairs": [
        [
          null,
          null
        ]
      ],
      "deficiencyInputRefs": [
        [
          {
            "domain": "coverage",
            "digest": "78a12f13fb6980e3a0b720ae4086fa877e1b7eb13eee8dacd33020f0b9409cc6"
          }
        ]
      ],
      "derivedOutcomeStates": [
        "partial"
      ],
      "derivedAccountStates": [
        "incomplete",
        "complete",
        "inapplicable"
      ],
      "derivedOutcomeDeficiencies": [
        [
          null,
          null
        ]
      ],
      "derivedSources": [
        [
          [
            "account",
            null,
            null
          ]
        ]
      ],
      "coverageRecordPairs": [
        [
          [
            null,
            null,
            "78a12f13fb6980e3a0b720ae4086fa877e1b7eb13eee8dacd33020f0b9409cc6"
          ]
        ],
        [
          [
            null,
            null,
            "6c1803534378981891c21dc080c2425247cad60a19d7371a348ec91bb60c09ce"
          ]
        ],
        []
      ],
      "rowComplete": false,
      "accountSourceUniverses": [],
      "fullRun": {
        "case": "census-missing-subjects",
        "verdict": "indeterminate",
        "runId": "run3:27f78f5f1ca760e37050f3a5bf557f638abe6d2751e70e7290d11e2fa4953406",
        "executionCausePairs": [
          [
            "required-cell-unsatisfied",
            null
          ]
        ],
        "executionInputRefs": [
          [
            [
              "coverage",
              "78a12f13fb6980e3a0b720ae4086fa877e1b7eb13eee8dacd33020f0b9409cc6"
            ],
            [
              "execution-inputs",
              "a10fa895063d2f8a82c3cddf6a54126208e1b4dcfe0f2e7043b8b5357205b95f"
            ]
          ]
        ],
        "sameGraphAdmissionResult": "ADMIT",
        "sameGraphExecutionInputsDigest": "a10fa895063d2f8a82c3cddf6a54126208e1b4dcfe0f2e7043b8b5357205b95f",
        "proofExecutionInputsDigest": "a10fa895063d2f8a82c3cddf6a54126208e1b4dcfe0f2e7043b8b5357205b95f",
        "sameGraphCellStates": [
          "partial"
        ],
        "bridgedCausesFromAdmission": [
          "required-cell-unsatisfied"
        ],
        "admissionColumnProvenance": "admit_execution_inputs on the same graph; the Run performs this same call via evaluator_input_model.execution_input_account but does not return it."
      },
      "precedenceTable": null,
      "note": null
    },
    {
      "case": "full-run-required-unsupported-matrix-pair-bridge",
      "controlStanding": "closed-run",
      "result": "ADMIT",
      "refusals": [],
      "deficiencyCauses": [
        "unsupported-typed"
      ],
      "deficiencyRelations": [
        "references"
      ],
      "deficiencyPairs": [
        [
          "language-tier-unsupported",
          "capability-missing"
        ]
      ],
      "deficiencyInputRefs": [
        []
      ],
      "derivedOutcomeStates": [
        "complete",
        "complete"
      ],
      "derivedAccountStates": [
        "complete",
        "complete",
        "inapplicable",
        "unsupported"
      ],
      "derivedOutcomeDeficiencies": [
        [
          null,
          null
        ],
        [
          null,
          null
        ]
      ],
      "derivedSources": [
        [],
        []
      ],
      "coverageRecordPairs": [
        [
          [
            null,
            null,
            "c96e33f4ab90977b4b741e2c4e47a7b312adf739e5bf8ddf04bf1d6062222ff0"
          ]
        ],
        [
          [
            null,
            null,
            "6c1803534378981891c21dc080c2425247cad60a19d7371a348ec91bb60c09ce"
          ]
        ],
        [],
        []
      ],
      "rowComplete": false,
      "accountSourceUniverses": [],
      "fullRun": {
        "case": "required-unsupported",
        "verdict": "indeterminate",
        "runId": "run3:c7bac7e7b887b3701e33d958980eea906b158e47607c5cae803b2ab48e37a9b0",
        "executionCausePairs": [
          [
            "language-tier-unsupported",
            "capability-missing"
          ]
        ],
        "executionInputRefs": [
          [
            [
              "execution-inputs",
              "a447521f437840830f96a70d51ee2b8b40af5d698cbe7fe1302cf09ca99520d1"
            ]
          ]
        ],
        "sameGraphAdmissionResult": "ADMIT",
        "sameGraphExecutionInputsDigest": "a447521f437840830f96a70d51ee2b8b40af5d698cbe7fe1302cf09ca99520d1",
        "proofExecutionInputsDigest": "a447521f437840830f96a70d51ee2b8b40af5d698cbe7fe1302cf09ca99520d1",
        "sameGraphCellStates": [
          "complete",
          "complete"
        ],
        "bridgedCausesFromAdmission": [
          "language-tier-unsupported"
        ],
        "admissionColumnProvenance": "admit_execution_inputs on the same graph; the Run performs this same call via evaluator_input_model.execution_input_account but does not return it."
      },
      "precedenceTable": null,
      "note": null
    },
    {
      "case": "full-run-optional-unselected-and-optional-unsupported-close-without-execution-deficiency",
      "controlStanding": "closed-run",
      "result": "ADMIT",
      "refusals": [],
      "deficiencyCauses": [],
      "deficiencyRelations": [],
      "deficiencyPairs": [],
      "deficiencyInputRefs": [],
      "derivedOutcomeStates": [
        "complete",
        "complete",
        "unavailable"
      ],
      "derivedAccountStates": [
        "complete",
        "complete",
        "inapplicable",
        "unsupported",
        "unavailable",
        "unavailable",
        "unavailable"
      ],
      "derivedOutcomeDeficiencies": [
        [
          null,
          null
        ],
        [
          null,
          null
        ],
        [
          "provider-unavailable",
          null
        ]
      ],
      "derivedSources": [
        [],
        [],
        [
          [
            "enumerator",
            "provider-unavailable",
            null
          ],
          [
            "inventory",
            "provider-unavailable",
            null
          ]
        ]
      ],
      "coverageRecordPairs": [
        [
          [
            null,
            null,
            "c96e33f4ab90977b4b741e2c4e47a7b312adf739e5bf8ddf04bf1d6062222ff0"
          ]
        ],
        [
          [
            null,
            null,
            "6c1803534378981891c21dc080c2425247cad60a19d7371a348ec91bb60c09ce"
          ]
        ],
        [],
        [],
        [],
        [],
        []
      ],
      "rowComplete": false,
      "accountSourceUniverses": [],
      "fullRun": {
        "case": "optional-unselected+optional-unsupported",
        "verdict": "pass",
        "runId": "run3:26dfb5cc67de4c6c749df9b7d4c19efbe38bed08bb40c274bd0f53ea5dbe7aff",
        "executionCausePairs": [],
        "executionInputRefs": [],
        "sameGraphAdmissionResult": "ADMIT",
        "sameGraphExecutionInputsDigest": "43f40f8fd59814dd488192e2f607a2844c8c426504570cd98d459ee8c72ee1d6",
        "proofExecutionInputsDigest": "43f40f8fd59814dd488192e2f607a2844c8c426504570cd98d459ee8c72ee1d6",
        "sameGraphCellStates": [
          "complete",
          "complete",
          "unavailable"
        ],
        "bridgedCausesFromAdmission": [],
        "admissionColumnProvenance": "admit_execution_inputs on the same graph; the Run performs this same call via evaluator_input_model.execution_input_account but does not return it."
      },
      "precedenceTable": null,
      "note": null
    },
    {
      "case": "view-attribution-unsupported-row-names-its-returned-view",
      "controlStanding": "closed-run",
      "result": "ADMIT",
      "refusals": [],
      "deficiencyCauses": [
        "unsupported-typed"
      ],
      "deficiencyRelations": [
        "references"
      ],
      "deficiencyPairs": [
        [
          "language-tier-unsupported",
          "capability-missing"
        ]
      ],
      "deficiencyInputRefs": [
        []
      ],
      "derivedOutcomeStates": [
        "complete",
        "complete"
      ],
      "derivedAccountStates": [
        "complete",
        "complete",
        "inapplicable",
        "unsupported"
      ],
      "derivedOutcomeDeficiencies": [
        [
          null,
          null
        ],
        [
          null,
          null
        ]
      ],
      "derivedSources": [
        [],
        []
      ],
      "coverageRecordPairs": [
        [
          [
            null,
            null,
            "c96e33f4ab90977b4b741e2c4e47a7b312adf739e5bf8ddf04bf1d6062222ff0"
          ]
        ],
        [
          [
            null,
            null,
            "6c1803534378981891c21dc080c2425247cad60a19d7371a348ec91bb60c09ce"
          ]
        ],
        [],
        []
      ],
      "rowComplete": false,
      "accountSourceUniverses": [],
      "fullRun": {
        "verdict": "indeterminate",
        "runId": "run3:c7bac7e7b887b3701e33d958980eea906b158e47607c5cae803b2ab48e37a9b0",
        "sameManifest": true
      },
      "precedenceTable": null,
      "note": null
    },
    {
      "case": "view-attribution-unsupported-row-naming-no-view-refuses",
      "controlStanding": "admission",
      "result": "REFUSE",
      "refusals": [
        "EXECUTION_INPUTS_VIEW_TOTALITY"
      ],
      "deficiencyCauses": [
        "unsupported-typed"
      ],
      "deficiencyRelations": [
        "references"
      ],
      "deficiencyPairs": [
        [
          "language-tier-unsupported",
          "capability-missing"
        ]
      ],
      "deficiencyInputRefs": [
        []
      ],
      "derivedOutcomeStates": [
        "complete",
        "complete"
      ],
      "derivedAccountStates": [
        "complete",
        "complete",
        "inapplicable",
        "unsupported"
      ],
      "derivedOutcomeDeficiencies": [
        [
          null,
          null
        ],
        [
          null,
          null
        ]
      ],
      "derivedSources": [
        [],
        []
      ],
      "coverageRecordPairs": [
        [
          [
            null,
            null,
            "c96e33f4ab90977b4b741e2c4e47a7b312adf739e5bf8ddf04bf1d6062222ff0"
          ]
        ],
        [
          [
            null,
            null,
            "6c1803534378981891c21dc080c2425247cad60a19d7371a348ec91bb60c09ce"
          ]
        ],
        [],
        []
      ],
      "rowComplete": false,
      "accountSourceUniverses": [],
      "fullRun": null,
      "precedenceTable": null,
      "note": null
    },
    {
      "case": "view-attribution-one-view-several-relations-of-one-cell-admits",
      "controlStanding": "closed-run",
      "result": "ADMIT",
      "refusals": [],
      "deficiencyCauses": [],
      "deficiencyRelations": [],
      "deficiencyPairs": [],
      "deficiencyInputRefs": [],
      "derivedOutcomeStates": [
        "complete"
      ],
      "derivedAccountStates": [
        "complete",
        "complete",
        "inapplicable"
      ],
      "derivedOutcomeDeficiencies": [
        [
          null,
          null
        ]
      ],
      "derivedSources": [
        []
      ],
      "coverageRecordPairs": [
        [
          [
            null,
            null,
            "c96e33f4ab90977b4b741e2c4e47a7b312adf739e5bf8ddf04bf1d6062222ff0"
          ]
        ],
        [
          [
            null,
            null,
            "6c1803534378981891c21dc080c2425247cad60a19d7371a348ec91bb60c09ce"
          ]
        ],
        []
      ],
      "rowComplete": true,
      "accountSourceUniverses": [],
      "fullRun": {
        "verdict": "pass",
        "runId": "run3:2b0c2b9aa0a018a3451666fc0850bd11e5be676f317e4e704bfbc6721953ed7c",
        "sameManifest": true
      },
      "precedenceTable": null,
      "note": null
    },
    {
      "case": "view-attribution-unsupported-row-view-with-two-universes-coverage-refuses",
      "controlStanding": "closed-run",
      "result": "REFUSE",
      "refusals": [
        "EXECUTION_INPUTS_COVERAGE_DERIVE"
      ],
      "deficiencyCauses": [
        "unsupported-typed"
      ],
      "deficiencyRelations": [
        "references"
      ],
      "deficiencyPairs": [
        [
          "language-tier-unsupported",
          "capability-missing"
        ]
      ],
      "deficiencyInputRefs": [
        []
      ],
      "derivedOutcomeStates": [
        "complete",
        "complete",
        "complete"
      ],
      "derivedAccountStates": [
        "complete",
        "complete",
        "inapplicable",
        "complete",
        "complete",
        "inapplicable",
        "unsupported"
      ],
      "derivedOutcomeDeficiencies": [
        [
          null,
          null
        ],
        [
          null,
          null
        ],
        [
          null,
          null
        ]
      ],
      "derivedSources": [
        [],
        [],
        []
      ],
      "coverageRecordPairs": [
        [
          [
            null,
            null,
            "c96e33f4ab90977b4b741e2c4e47a7b312adf739e5bf8ddf04bf1d6062222ff0"
          ]
        ],
        [
          [
            null,
            null,
            "6c1803534378981891c21dc080c2425247cad60a19d7371a348ec91bb60c09ce"
          ]
        ],
        [],
        [
          [
            null,
            null,
            "2b365f466d06f235937e15ddf17ed94d59de2490e3315428773321585316659b"
          ]
        ],
        [
          [
            null,
            null,
            "7d3be34ac24760fe0ab75962a2d42421e51ab23c474f405fb48274c7303f059b"
          ]
        ],
        [],
        []
      ],
      "rowComplete": false,
      "accountSourceUniverses": [],
      "fullRun": {
        "refused": "AdmissionError:EVALUATOR_EXECUTION_INPUTS_JOIN:EXECUTION_INPUTS_COVERAGE_DERIVE"
      },
      "precedenceTable": null,
      "note": null
    },
    {
      "case": "view-attribution-attributed-view-naming-coverage-less-foreign-scope-refuses",
      "controlStanding": "closed-run",
      "result": "REFUSE",
      "refusals": [
        "EXECUTION_INPUTS_COVERAGE_DERIVE"
      ],
      "deficiencyCauses": [
        "unsupported-typed"
      ],
      "deficiencyRelations": [
        "references"
      ],
      "deficiencyPairs": [
        [
          "language-tier-unsupported",
          "capability-missing"
        ]
      ],
      "deficiencyInputRefs": [
        []
      ],
      "derivedOutcomeStates": [
        "complete",
        "complete",
        "complete"
      ],
      "derivedAccountStates": [
        "complete",
        "complete",
        "inapplicable",
        "complete",
        "complete",
        "inapplicable",
        "unsupported"
      ],
      "derivedOutcomeDeficiencies": [
        [
          null,
          null
        ],
        [
          null,
          null
        ],
        [
          null,
          null
        ]
      ],
      "derivedSources": [
        [],
        [],
        []
      ],
      "coverageRecordPairs": [
        [
          [
            null,
            null,
            "c96e33f4ab90977b4b741e2c4e47a7b312adf739e5bf8ddf04bf1d6062222ff0"
          ]
        ],
        [
          [
            null,
            null,
            "6c1803534378981891c21dc080c2425247cad60a19d7371a348ec91bb60c09ce"
          ]
        ],
        [],
        [
          [
            null,
            null,
            "2b365f466d06f235937e15ddf17ed94d59de2490e3315428773321585316659b"
          ]
        ],
        [
          [
            null,
            null,
            "7d3be34ac24760fe0ab75962a2d42421e51ab23c474f405fb48274c7303f059b"
          ]
        ],
        [],
        []
      ],
      "rowComplete": false,
      "accountSourceUniverses": [],
      "fullRun": {
        "refused": "AdmissionError:EVALUATOR_EXECUTION_INPUTS_JOIN:EXECUTION_INPUTS_COVERAGE_DERIVE"
      },
      "precedenceTable": null,
      "note": null
    },
    {
      "case": "view-attribution-attributed-view-naming-coverage-less-same-universe-scope-admits",
      "controlStanding": "closed-run",
      "result": "ADMIT",
      "refusals": [],
      "deficiencyCauses": [
        "unsupported-typed"
      ],
      "deficiencyRelations": [
        "references"
      ],
      "deficiencyPairs": [
        [
          "language-tier-unsupported",
          "capability-missing"
        ]
      ],
      "deficiencyInputRefs": [
        []
      ],
      "derivedOutcomeStates": [
        "complete",
        "complete",
        "complete"
      ],
      "derivedAccountStates": [
        "complete",
        "complete",
        "inapplicable",
        "complete",
        "complete",
        "inapplicable",
        "unsupported"
      ],
      "derivedOutcomeDeficiencies": [
        [
          null,
          null
        ],
        [
          null,
          null
        ],
        [
          null,
          null
        ]
      ],
      "derivedSources": [
        [],
        [],
        []
      ],
      "coverageRecordPairs": [
        [
          [
            null,
            null,
            "c96e33f4ab90977b4b741e2c4e47a7b312adf739e5bf8ddf04bf1d6062222ff0"
          ]
        ],
        [
          [
            null,
            null,
            "6c1803534378981891c21dc080c2425247cad60a19d7371a348ec91bb60c09ce"
          ]
        ],
        [],
        [
          [
            null,
            null,
            "2b365f466d06f235937e15ddf17ed94d59de2490e3315428773321585316659b"
          ]
        ],
        [
          [
            null,
            null,
            "7d3be34ac24760fe0ab75962a2d42421e51ab23c474f405fb48274c7303f059b"
          ]
        ],
        [],
        []
      ],
      "rowComplete": false,
      "accountSourceUniverses": [],
      "fullRun": {
        "verdict": "indeterminate",
        "runId": "run3:fb8716b0dfa3a96832ade9d71551a45f4adaf04af4cdada65db4064b0ceac9b2",
        "sameManifest": true
      },
      "precedenceTable": null,
      "note": null
    },
    {
      "case": "view-attribution-universe-and-relation-on-different-scopes-attributes-nothing",
      "controlStanding": "closed-run",
      "result": "ADMIT",
      "refusals": [],
      "deficiencyCauses": [
        "unsupported-typed"
      ],
      "deficiencyRelations": [
        "references"
      ],
      "deficiencyPairs": [
        [
          "language-tier-unsupported",
          "capability-missing"
        ]
      ],
      "deficiencyInputRefs": [
        []
      ],
      "derivedOutcomeStates": [
        "complete",
        "complete",
        "complete"
      ],
      "derivedAccountStates": [
        "complete",
        "complete",
        "inapplicable",
        "complete",
        "complete",
        "inapplicable",
        "unsupported"
      ],
      "derivedOutcomeDeficiencies": [
        [
          null,
          null
        ],
        [
          null,
          null
        ],
        [
          null,
          null
        ]
      ],
      "derivedSources": [
        [],
        [],
        []
      ],
      "coverageRecordPairs": [
        [
          [
            null,
            null,
            "c96e33f4ab90977b4b741e2c4e47a7b312adf739e5bf8ddf04bf1d6062222ff0"
          ]
        ],
        [
          [
            null,
            null,
            "6c1803534378981891c21dc080c2425247cad60a19d7371a348ec91bb60c09ce"
          ]
        ],
        [],
        [
          [
            null,
            null,
            "2b365f466d06f235937e15ddf17ed94d59de2490e3315428773321585316659b"
          ]
        ],
        [
          [
            null,
            null,
            "7d3be34ac24760fe0ab75962a2d42421e51ab23c474f405fb48274c7303f059b"
          ]
        ],
        [],
        []
      ],
      "rowComplete": false,
      "accountSourceUniverses": [],
      "fullRun": {
        "verdict": "indeterminate",
        "runId": "run3:6fbdc832824c32d8dabca580585e5d88a31733edd439077cc4c31107919614ff",
        "sameManifest": true
      },
      "precedenceTable": null,
      "note": null
    },
    {
      "case": "view-attribution-universe-and-relation-on-different-scopes-host-naming-it-refuses",
      "controlStanding": "admission",
      "result": "REFUSE",
      "refusals": [
        "EXECUTION_INPUTS_VIEW_TOTALITY"
      ],
      "deficiencyCauses": [
        "unsupported-typed"
      ],
      "deficiencyRelations": [
        "references"
      ],
      "deficiencyPairs": [
        [
          "language-tier-unsupported",
          "capability-missing"
        ]
      ],
      "deficiencyInputRefs": [
        []
      ],
      "derivedOutcomeStates": [
        "complete",
        "complete",
        "complete"
      ],
      "derivedAccountStates": [
        "complete",
        "complete",
        "inapplicable",
        "complete",
        "complete",
        "inapplicable",
        "unsupported"
      ],
      "derivedOutcomeDeficiencies": [
        [
          null,
          null
        ],
        [
          null,
          null
        ],
        [
          null,
          null
        ]
      ],
      "derivedSources": [
        [],
        [],
        []
      ],
      "coverageRecordPairs": [
        [
          [
            null,
            null,
            "c96e33f4ab90977b4b741e2c4e47a7b312adf739e5bf8ddf04bf1d6062222ff0"
          ]
        ],
        [
          [
            null,
            null,
            "6c1803534378981891c21dc080c2425247cad60a19d7371a348ec91bb60c09ce"
          ]
        ],
        [],
        [
          [
            null,
            null,
            "2b365f466d06f235937e15ddf17ed94d59de2490e3315428773321585316659b"
          ]
        ],
        [
          [
            null,
            null,
            "7d3be34ac24760fe0ab75962a2d42421e51ab23c474f405fb48274c7303f059b"
          ]
        ],
        [],
        []
      ],
      "rowComplete": false,
      "accountSourceUniverses": [],
      "fullRun": null,
      "precedenceTable": null,
      "note": null
    },
    {
      "case": "view-attribution-lawful-one-view-per-universe-split-admits",
      "controlStanding": "closed-run",
      "result": "ADMIT",
      "refusals": [],
      "deficiencyCauses": [
        "unsupported-typed"
      ],
      "deficiencyRelations": [
        "references"
      ],
      "deficiencyPairs": [
        [
          "language-tier-unsupported",
          "capability-missing"
        ]
      ],
      "deficiencyInputRefs": [
        []
      ],
      "derivedOutcomeStates": [
        "complete",
        "complete",
        "complete"
      ],
      "derivedAccountStates": [
        "complete",
        "complete",
        "inapplicable",
        "complete",
        "complete",
        "inapplicable",
        "unsupported"
      ],
      "derivedOutcomeDeficiencies": [
        [
          null,
          null
        ],
        [
          null,
          null
        ],
        [
          null,
          null
        ]
      ],
      "derivedSources": [
        [],
        [],
        []
      ],
      "coverageRecordPairs": [
        [
          [
            null,
            null,
            "c96e33f4ab90977b4b741e2c4e47a7b312adf739e5bf8ddf04bf1d6062222ff0"
          ]
        ],
        [
          [
            null,
            null,
            "6c1803534378981891c21dc080c2425247cad60a19d7371a348ec91bb60c09ce"
          ]
        ],
        [],
        [
          [
            null,
            null,
            "2b365f466d06f235937e15ddf17ed94d59de2490e3315428773321585316659b"
          ]
        ],
        [
          [
            null,
            null,
            "7d3be34ac24760fe0ab75962a2d42421e51ab23c474f405fb48274c7303f059b"
          ]
        ],
        [],
        []
      ],
      "rowComplete": false,
      "accountSourceUniverses": [],
      "fullRun": {
        "verdict": "indeterminate",
        "runId": "run3:4bcfb6b2ac27b64c347a7c27b1c34b7f44fadb608673aeb1f5f71bf492d2b61b",
        "sameManifest": true
      },
      "precedenceTable": null,
      "note": null
    },
    {
      "case": "view-attribution-supported-rows-view-with-two-universes-coverage-refuses",
      "controlStanding": "admission",
      "result": "REFUSE",
      "refusals": [
        "EXECUTION_INPUTS_COVERAGE_DERIVE"
      ],
      "deficiencyCauses": [],
      "deficiencyRelations": [],
      "deficiencyPairs": [],
      "deficiencyInputRefs": [],
      "derivedOutcomeStates": [
        "complete",
        "complete"
      ],
      "derivedAccountStates": [
        "complete",
        "complete",
        "inapplicable",
        "complete",
        "complete",
        "inapplicable"
      ],
      "derivedOutcomeDeficiencies": [
        [
          null,
          null
        ],
        [
          null,
          null
        ]
      ],
      "derivedSources": [
        [],
        []
      ],
      "coverageRecordPairs": [
        [
          [
            null,
            null,
            "c96e33f4ab90977b4b741e2c4e47a7b312adf739e5bf8ddf04bf1d6062222ff0"
          ]
        ],
        [
          [
            null,
            null,
            "6c1803534378981891c21dc080c2425247cad60a19d7371a348ec91bb60c09ce"
          ]
        ],
        [],
        [
          [
            null,
            null,
            "2b365f466d06f235937e15ddf17ed94d59de2490e3315428773321585316659b"
          ]
        ],
        [
          [
            null,
            null,
            "7d3be34ac24760fe0ab75962a2d42421e51ab23c474f405fb48274c7303f059b"
          ]
        ],
        []
      ],
      "rowComplete": false,
      "accountSourceUniverses": [],
      "fullRun": null,
      "precedenceTable": null,
      "note": null
    },
    {
      "case": "capture-builder-keeps-returned-view-that-no-cell-owns",
      "controlStanding": "closed-run",
      "result": "ADMIT",
      "refusals": [],
      "deficiencyCauses": [
        "unsupported-typed"
      ],
      "deficiencyRelations": [
        "references"
      ],
      "deficiencyPairs": [
        [
          "language-tier-unsupported",
          "capability-missing"
        ]
      ],
      "deficiencyInputRefs": [
        []
      ],
      "derivedOutcomeStates": [
        "complete",
        "complete",
        "complete"
      ],
      "derivedAccountStates": [
        "complete",
        "complete",
        "inapplicable",
        "complete",
        "complete",
        "inapplicable",
        "unsupported"
      ],
      "derivedOutcomeDeficiencies": [
        [
          null,
          null
        ],
        [
          null,
          null
        ],
        [
          null,
          null
        ]
      ],
      "derivedSources": [
        [],
        [],
        []
      ],
      "coverageRecordPairs": [
        [
          [
            null,
            null,
            "c96e33f4ab90977b4b741e2c4e47a7b312adf739e5bf8ddf04bf1d6062222ff0"
          ]
        ],
        [
          [
            null,
            null,
            "6c1803534378981891c21dc080c2425247cad60a19d7371a348ec91bb60c09ce"
          ]
        ],
        [],
        [
          [
            null,
            null,
            "2b365f466d06f235937e15ddf17ed94d59de2490e3315428773321585316659b"
          ]
        ],
        [
          [
            null,
            null,
            "7d3be34ac24760fe0ab75962a2d42421e51ab23c474f405fb48274c7303f059b"
          ]
        ],
        [],
        []
      ],
      "rowComplete": false,
      "accountSourceUniverses": [],
      "fullRun": {
        "verdict": "indeterminate",
        "runId": "run3:4bcfb6b2ac27b64c347a7c27b1c34b7f44fadb608673aeb1f5f71bf492d2b61b",
        "sameManifest": true
      },
      "precedenceTable": null,
      "note": null
    },
    {
      "case": "capture-builder-ignores-store-census-only-view",
      "controlStanding": "admission",
      "result": "ADMIT",
      "refusals": [],
      "deficiencyCauses": [
        "unsupported-typed"
      ],
      "deficiencyRelations": [
        "references"
      ],
      "deficiencyPairs": [
        [
          "language-tier-unsupported",
          "capability-missing"
        ]
      ],
      "deficiencyInputRefs": [
        []
      ],
      "derivedOutcomeStates": [
        "complete",
        "complete",
        "complete"
      ],
      "derivedAccountStates": [
        "complete",
        "complete",
        "inapplicable",
        "complete",
        "complete",
        "inapplicable",
        "unsupported"
      ],
      "derivedOutcomeDeficiencies": [
        [
          null,
          null
        ],
        [
          null,
          null
        ],
        [
          null,
          null
        ]
      ],
      "derivedSources": [
        [],
        [],
        []
      ],
      "coverageRecordPairs": [
        [
          [
            null,
            null,
            "c96e33f4ab90977b4b741e2c4e47a7b312adf739e5bf8ddf04bf1d6062222ff0"
          ]
        ],
        [
          [
            null,
            null,
            "6c1803534378981891c21dc080c2425247cad60a19d7371a348ec91bb60c09ce"
          ]
        ],
        [],
        [
          [
            null,
            null,
            "2b365f466d06f235937e15ddf17ed94d59de2490e3315428773321585316659b"
          ]
        ],
        [
          [
            null,
            null,
            "7d3be34ac24760fe0ab75962a2d42421e51ab23c474f405fb48274c7303f059b"
          ]
        ],
        [],
        []
      ],
      "rowComplete": false,
      "accountSourceUniverses": [],
      "fullRun": null,
      "precedenceTable": null,
      "note": null
    },
    {
      "case": "capture-control-same-world-without-census-view",
      "controlStanding": "admission",
      "result": "ADMIT",
      "refusals": [],
      "deficiencyCauses": [
        "unsupported-typed"
      ],
      "deficiencyRelations": [
        "references"
      ],
      "deficiencyPairs": [
        [
          "language-tier-unsupported",
          "capability-missing"
        ]
      ],
      "deficiencyInputRefs": [
        []
      ],
      "derivedOutcomeStates": [
        "complete",
        "complete",
        "complete"
      ],
      "derivedAccountStates": [
        "complete",
        "complete",
        "inapplicable",
        "complete",
        "complete",
        "inapplicable",
        "unsupported"
      ],
      "derivedOutcomeDeficiencies": [
        [
          null,
          null
        ],
        [
          null,
          null
        ],
        [
          null,
          null
        ]
      ],
      "derivedSources": [
        [],
        [],
        []
      ],
      "coverageRecordPairs": [
        [
          [
            null,
            null,
            "c96e33f4ab90977b4b741e2c4e47a7b312adf739e5bf8ddf04bf1d6062222ff0"
          ]
        ],
        [
          [
            null,
            null,
            "6c1803534378981891c21dc080c2425247cad60a19d7371a348ec91bb60c09ce"
          ]
        ],
        [],
        [
          [
            null,
            null,
            "2b365f466d06f235937e15ddf17ed94d59de2490e3315428773321585316659b"
          ]
        ],
        [
          [
            null,
            null,
            "7d3be34ac24760fe0ab75962a2d42421e51ab23c474f405fb48274c7303f059b"
          ]
        ],
        [],
        []
      ],
      "rowComplete": false,
      "accountSourceUniverses": [],
      "fullRun": null,
      "precedenceTable": null,
      "note": null
    },
    {
      "case": "capture-selected-attributed-view-on-no-receipt-refuses",
      "controlStanding": "closed-run",
      "result": "REFUSE",
      "refusals": [
        "EXECUTION_INPUTS_SELECTED_COVER"
      ],
      "deficiencyCauses": [
        "unsupported-typed"
      ],
      "deficiencyRelations": [
        "references"
      ],
      "deficiencyPairs": [
        [
          "language-tier-unsupported",
          "capability-missing"
        ]
      ],
      "deficiencyInputRefs": [
        []
      ],
      "derivedOutcomeStates": [
        "complete",
        "complete"
      ],
      "derivedAccountStates": [
        "complete",
        "complete",
        "inapplicable",
        "unsupported"
      ],
      "derivedOutcomeDeficiencies": [
        [
          null,
          null
        ],
        [
          null,
          null
        ]
      ],
      "derivedSources": [
        [],
        []
      ],
      "coverageRecordPairs": [
        [
          [
            null,
            null,
            "c96e33f4ab90977b4b741e2c4e47a7b312adf739e5bf8ddf04bf1d6062222ff0"
          ]
        ],
        [
          [
            null,
            null,
            "6c1803534378981891c21dc080c2425247cad60a19d7371a348ec91bb60c09ce"
          ]
        ],
        [],
        []
      ],
      "rowComplete": false,
      "accountSourceUniverses": [],
      "fullRun": {
        "refused": "AdmissionError:EVALUATOR_EXECUTION_INPUTS_JOIN:EXECUTION_INPUTS_SELECTED_COVER"
      },
      "precedenceTable": null,
      "note": null
    },
    {
      "case": "two-cell-shared-view-and-captured-view-matching-neither-cell-close",
      "controlStanding": "closed-run",
      "result": "ADMIT",
      "refusals": [],
      "deficiencyCauses": [],
      "deficiencyRelations": [],
      "deficiencyPairs": [],
      "deficiencyInputRefs": [],
      "derivedOutcomeStates": [
        "complete",
        "complete"
      ],
      "derivedAccountStates": [
        "complete",
        "complete",
        "inapplicable",
        "complete",
        "complete",
        "complete"
      ],
      "derivedOutcomeDeficiencies": [
        [
          null,
          null
        ],
        [
          null,
          null
        ]
      ],
      "derivedSources": [
        [],
        []
      ],
      "coverageRecordPairs": [
        [
          [
            null,
            null,
            "b0301767c7eeab5c8cfd61c7a79da25aeaaefbf0060e3eb5ec6f8047732f1291"
          ]
        ],
        [
          [
            null,
            null,
            "fea060d89641d7bf6d98879fef8df8e335d2188693931a02f38a7efe19c1b27c"
          ]
        ],
        [],
        [
          [
            null,
            null,
            "7771cd20e89e9d9b11a2f1c5562860bc6d44d3a81ba7f166a713f3665b4a5b27"
          ]
        ],
        [
          [
            null,
            null,
            "129f1ca7b9ab22242e55217de0f49d4dc91fb684d9854839257afeda60587ac8"
          ]
        ],
        [
          [
            null,
            null,
            "4f6d0ba63e26e035b8793f65c9d350cd3adae4a9584e4055a66beb75e7f3339a"
          ]
        ]
      ],
      "rowComplete": false,
      "accountSourceUniverses": [],
      "fullRun": {
        "verdict": "fail",
        "runId": "run3:cd5ad5d98b9ddc74651ed9df14264e46a2a6e0aca9c9601345eea633a3d7aeb2",
        "sameManifest": true
      },
      "precedenceTable": null,
      "note": null
    },
    {
      "case": "two-cell-syntax-row-omitting-shared-view-refuses",
      "controlStanding": "closed-run",
      "result": "REFUSE",
      "refusals": [
        "EXECUTION_INPUTS_VIEW_TOTALITY"
      ],
      "deficiencyCauses": [],
      "deficiencyRelations": [],
      "deficiencyPairs": [],
      "deficiencyInputRefs": [],
      "derivedOutcomeStates": [
        "complete",
        "complete"
      ],
      "derivedAccountStates": [
        "complete",
        "complete",
        "inapplicable",
        "complete",
        "complete",
        "complete"
      ],
      "derivedOutcomeDeficiencies": [
        [
          null,
          null
        ],
        [
          null,
          null
        ]
      ],
      "derivedSources": [
        [],
        []
      ],
      "coverageRecordPairs": [
        [
          [
            null,
            null,
            "b0301767c7eeab5c8cfd61c7a79da25aeaaefbf0060e3eb5ec6f8047732f1291"
          ]
        ],
        [
          [
            null,
            null,
            "fea060d89641d7bf6d98879fef8df8e335d2188693931a02f38a7efe19c1b27c"
          ]
        ],
        [],
        [
          [
            null,
            null,
            "7771cd20e89e9d9b11a2f1c5562860bc6d44d3a81ba7f166a713f3665b4a5b27"
          ]
        ],
        [
          [
            null,
            null,
            "129f1ca7b9ab22242e55217de0f49d4dc91fb684d9854839257afeda60587ac8"
          ]
        ],
        [
          [
            null,
            null,
            "4f6d0ba63e26e035b8793f65c9d350cd3adae4a9584e4055a66beb75e7f3339a"
          ]
        ]
      ],
      "rowComplete": false,
      "accountSourceUniverses": [],
      "fullRun": {
        "refused": "AdmissionError:EVALUATOR_EXECUTION_INPUTS_JOIN:EXECUTION_INPUTS_VIEW_TOTALITY"
      },
      "precedenceTable": null,
      "note": null
    },
    {
      "case": "two-cell-row-naming-view-matching-neither-cell-refuses",
      "controlStanding": "closed-run",
      "result": "REFUSE",
      "refusals": [
        "EXECUTION_INPUTS_VIEW_TOTALITY"
      ],
      "deficiencyCauses": [],
      "deficiencyRelations": [],
      "deficiencyPairs": [],
      "deficiencyInputRefs": [],
      "derivedOutcomeStates": [
        "complete",
        "complete"
      ],
      "derivedAccountStates": [
        "complete",
        "complete",
        "inapplicable",
        "complete",
        "complete",
        "complete"
      ],
      "derivedOutcomeDeficiencies": [
        [
          null,
          null
        ],
        [
          null,
          null
        ]
      ],
      "derivedSources": [
        [],
        []
      ],
      "coverageRecordPairs": [
        [
          [
            null,
            null,
            "b0301767c7eeab5c8cfd61c7a79da25aeaaefbf0060e3eb5ec6f8047732f1291"
          ]
        ],
        [
          [
            null,
            null,
            "fea060d89641d7bf6d98879fef8df8e335d2188693931a02f38a7efe19c1b27c"
          ]
        ],
        [],
        [
          [
            null,
            null,
            "7771cd20e89e9d9b11a2f1c5562860bc6d44d3a81ba7f166a713f3665b4a5b27"
          ]
        ],
        [
          [
            null,
            null,
            "129f1ca7b9ab22242e55217de0f49d4dc91fb684d9854839257afeda60587ac8"
          ]
        ],
        [
          [
            null,
            null,
            "4f6d0ba63e26e035b8793f65c9d350cd3adae4a9584e4055a66beb75e7f3339a"
          ]
        ]
      ],
      "rowComplete": false,
      "accountSourceUniverses": [],
      "fullRun": {
        "refused": "AdmissionError:EVALUATOR_EXECUTION_INPUTS_JOIN:EXECUTION_INPUTS_VIEW_TOTALITY"
      },
      "precedenceTable": null,
      "note": null
    },
    {
      "case": "relation-column-membership-attributes-non-matrix-rung-view",
      "controlStanding": "closed-run",
      "result": "ADMIT",
      "refusals": [],
      "deficiencyCauses": [
        "unsupported-typed"
      ],
      "deficiencyRelations": [
        "references"
      ],
      "deficiencyPairs": [
        [
          "language-tier-unsupported",
          "capability-missing"
        ]
      ],
      "deficiencyInputRefs": [
        []
      ],
      "derivedOutcomeStates": [
        "complete",
        "complete"
      ],
      "derivedAccountStates": [
        "complete",
        "complete",
        "inapplicable",
        "unsupported"
      ],
      "derivedOutcomeDeficiencies": [
        [
          null,
          null
        ],
        [
          null,
          null
        ]
      ],
      "derivedSources": [
        [],
        []
      ],
      "coverageRecordPairs": [
        [
          [
            null,
            null,
            "c96e33f4ab90977b4b741e2c4e47a7b312adf739e5bf8ddf04bf1d6062222ff0"
          ]
        ],
        [
          [
            null,
            null,
            "6c1803534378981891c21dc080c2425247cad60a19d7371a348ec91bb60c09ce"
          ]
        ],
        [],
        []
      ],
      "rowComplete": false,
      "accountSourceUniverses": [],
      "fullRun": {
        "verdict": "indeterminate",
        "runId": "run3:f0d12f36a8f7e0c37476c787f3f12bc2dc7e4fc810e191d2ba5d3e67a47b3a73",
        "sameManifest": true
      },
      "precedenceTable": null,
      "note": null
    },
    {
      "case": "relation-column-membership-pair-reading-encoding-refuses",
      "controlStanding": "admission",
      "result": "REFUSE",
      "refusals": [
        "EXECUTION_INPUTS_VIEW_TOTALITY"
      ],
      "deficiencyCauses": [
        "unsupported-typed"
      ],
      "deficiencyRelations": [
        "references"
      ],
      "deficiencyPairs": [
        [
          "language-tier-unsupported",
          "capability-missing"
        ]
      ],
      "deficiencyInputRefs": [
        []
      ],
      "derivedOutcomeStates": [
        "complete",
        "complete"
      ],
      "derivedAccountStates": [
        "complete",
        "complete",
        "inapplicable",
        "unsupported"
      ],
      "derivedOutcomeDeficiencies": [
        [
          null,
          null
        ],
        [
          null,
          null
        ]
      ],
      "derivedSources": [
        [],
        []
      ],
      "coverageRecordPairs": [
        [
          [
            null,
            null,
            "c96e33f4ab90977b4b741e2c4e47a7b312adf739e5bf8ddf04bf1d6062222ff0"
          ]
        ],
        [
          [
            null,
            null,
            "6c1803534378981891c21dc080c2425247cad60a19d7371a348ec91bb60c09ce"
          ]
        ],
        [],
        []
      ],
      "rowComplete": false,
      "accountSourceUniverses": [],
      "fullRun": null,
      "precedenceTable": null,
      "note": null
    }
  ],
  "expected": {
    "applicability-first-match-precedence": "ADMIT",
    "inapplicable-vcs-account-carries-binding-universe": "ADMIT",
    "inapplicable-vcs-account-null-source-universe-refuses": "REFUSE",
    "unsupported-typed-account-carries-binding-universe": "ADMIT",
    "unsupported-typed-account-null-source-universe-refuses": "REFUSE",
    "optional-unsupported-cell-owes-no-required-cell-row": "ADMIT",
    "optional-unselected-account-retained-typed-disclosure": "ADMIT",
    "null-binding-universe-account-must-stay-null": "REFUSE",
    "foreign-universe-account-source-universe-refuses": "REFUSE",
    "account-target-universe-null-admits-in-a-two-universe-run": "ADMIT",
    "account-target-universe-non-null-refuses": "REFUSE",
    "census-missing-subjects-derive-null-pair": "ADMIT",
    "census-missing-subjects-host-may-not-claim-provider-unavailable": "REFUSE",
    "empty-returned-partitions-host-may-not-claim-provider-unavailable": "REFUSE",
    "typed-native-carrier-survives-alongside-census-failure": "ADMIT",
    "typed-inventory-carriers-survive-alongside-census-failure": "ADMIT",
    "mixed-accounts-first-typed-pair-not-first-source": "ADMIT",
    "full-run-mixed-accounts-first-typed-pair": "ADMIT",
    "optional-candidate-absent-envelope-derives-null-pair": "ADMIT",
    "required-candidate-absent-envelope-still-refuses": "REFUSE",
    "full-run-empty-returned-partitions-bridge-required-cell-unsatisfied": "ADMIT",
    "full-run-census-missing-subjects-bridge-keeps-originating-coverage": "ADMIT",
    "full-run-required-unsupported-matrix-pair-bridge": "ADMIT",
    "full-run-optional-unselected-and-optional-unsupported-close-without-execution-deficiency": "ADMIT",
    "owner-graph-file-positive": "ADMIT",
    "owner-graph-file-missing-required-package": "ADMIT",
    "owner-graph-two-universes": "ADMIT",
    "required-package-complete-empty-coverage": "ADMIT",
    "mixed-coverage-all-partitions-named": "ADMIT",
    "omitted-returned-partition-not-subset": "REFUSE",
    "omitted-owner-view": "REFUSE",
    "receipt-view-omitted-from-selected-and-outcomes": "REFUSE",
    "self-asserted-complete-with-incomplete-package": "REFUSE",
    "unavailable-selected-u-omits-stage-and-views": "REFUSE",
    "missing-inventory-pointer": "REFUSE",
    "lost-inventory-bytes": "REFUSE",
    "supplied-object-mismatch-not-pointer": "REFUSE",
    "invalid-blob-hash": "REFUSE",
    "duplicate-inventory-same-kind": "REFUSE",
    "wrong-view-producer-vs-stage": "REFUSE",
    "store-pointers-required": "REFUSE",
    "vcs-none-not-applicable-alone": "REFUSE",
    "views-map-extra-merge": "REFUSE",
    "evaluator-closure-missing-from-map": "REFUSE",
    "coverage-payload-bytes-absent": "REFUSE",
    "unsupported-typed-matrix-cause": "ADMIT",
    "required-candidate-group-bytes-join": "ADMIT",
    "extra-candidate-ref-no-outcome": "REFUSE",
    "groups-map-bypasses-blob": "REFUSE",
    "clone-member-opaque-id-no-custody": "REFUSE",
    "complete-candidate-empty-examined-not-plan-extent": "REFUSE",
    "candidate-wrong-universe-source-body": "REFUSE",
    "complete-empty-candidate-with-plan-extent": "ADMIT",
    "complete-empty-candidate-without-plan-extent": "REFUSE",
    "candidate-examined-union-not-this-program-extent": "REFUSE",
    "partial-inventory-budget-not-replaced-by-provider-unavailable": "REFUSE",
    "expected-source-census-uncovered-is-incomplete": "ADMIT",
    "host-derived-target-sidecar-not-stage-output": "ADMIT",
    "candidate-unavailable-envelope-schema": "ADMIT",
    "schema-rejects-candidate-autofix": "REFUSE",
    "clone-candidate-group-v2-schema": "ADMIT",
    "schema-rejects-verdict-field": "REFUSE",
    "partial-inventory-known-rows": "ADMIT",
    "rc3-complete-extraction-keeps-native-resolution": "ADMIT",
    "two-partial-inventories-distinct-canonical-records": "ADMIT",
    "unavailable-binding-budget-keeps-inventory-causes": "ADMIT",
    "unavailable-binding-cause-not-replaced-by-provider-unavailable": "REFUSE",
    "helper-attach-graph-fixture": "ADMIT",
    "helper-attach-digest-stable-after-outputs": "ADMIT",
    "helper-no-policy-schema-roots": "ADMIT",
    "helper-attach-three-views-full-required-package": "ADMIT",
    "helper-attach-semantic-fixture": "ADMIT",
    "ambient-blob-does-not-change-digest": "ADMIT",
    "ambient-object-does-not-change-digest": "ADMIT",
    "selected-refs-change-changes-digest": "ADMIT",
    "operational-receipt-may-vary-without-run-identity": "ADMIT",
    "view-attribution-unsupported-row-names-its-returned-view": "ADMIT",
    "view-attribution-unsupported-row-naming-no-view-refuses": "REFUSE",
    "view-attribution-one-view-several-relations-of-one-cell-admits": "ADMIT",
    "view-attribution-unsupported-row-view-with-two-universes-coverage-refuses": "REFUSE",
    "view-attribution-attributed-view-naming-coverage-less-foreign-scope-refuses": "REFUSE",
    "view-attribution-attributed-view-naming-coverage-less-same-universe-scope-admits": "ADMIT",
    "view-attribution-universe-and-relation-on-different-scopes-attributes-nothing": "ADMIT",
    "view-attribution-universe-and-relation-on-different-scopes-host-naming-it-refuses": "REFUSE",
    "view-attribution-lawful-one-view-per-universe-split-admits": "ADMIT",
    "view-attribution-supported-rows-view-with-two-universes-coverage-refuses": "REFUSE",
    "capture-builder-keeps-returned-view-that-no-cell-owns": "ADMIT",
    "capture-builder-ignores-store-census-only-view": "ADMIT",
    "capture-control-same-world-without-census-view": "ADMIT",
    "capture-selected-attributed-view-on-no-receipt-refuses": "REFUSE",
    "two-cell-shared-view-and-captured-view-matching-neither-cell-close": "ADMIT",
    "two-cell-syntax-row-omitting-shared-view-refuses": "REFUSE",
    "two-cell-row-naming-view-matching-neither-cell-refuses": "REFUSE",
    "relation-column-membership-attributes-non-matrix-rung-view": "ADMIT",
    "relation-column-membership-pair-reading-encoding-refuses": "REFUSE"
  },
  "mismatches": [],
  "oracles": [],
  "ownedHashes": [
    {
      "path": "/private/tmp/opensip-design-corrections/source42-query-successor.v1/source/docs/coop/design-corrections/foundation/execution-inputs.schema.v1.json",
      "bytes": 39910,
      "sha256": "604bd94175584128adbeb241fdba2f48e2220de74d6505a671eae2ce892700e9"
    },
    {
      "path": "/private/tmp/opensip-design-corrections/source42-query-successor.v1/source/docs/coop/design-corrections/foundation/execution-inputs-contract.v1.md",
      "bytes": 35718,
      "sha256": "8521f36217fb1499b93895789c392a6afd1a369db136afb8cd2c286d0735a2e1"
    },
    {
      "path": "/private/tmp/opensip-design-corrections/source42-query-successor.v1/source/docs/coop/design-corrections/foundation/execution_inputs_model.v1.py",
      "bytes": 83595,
      "sha256": "66a15adddc7fed3d9209740da5ea0e2271e3b6c69236b73d4371f33aa6ab9ea1"
    },
    {
      "path": "/private/tmp/opensip-design-corrections/source42-query-successor.v1/source/docs/coop/design-corrections/foundation/check-execution-inputs.v1.py",
      "bytes": 128908,
      "sha256": "e169fecb74e8000174f1cb4d88830d409c7d9c249d1ec080214c18415cde4e2d"
    },
    {
      "path": "/private/tmp/opensip-design-corrections/source42-query-successor.v1/source/docs/coop/design-corrections/foundation/execution_inputs_fixture.v3.py",
      "bytes": 23759,
      "sha256": "d8c48fb5147887d04d875547ea450510a63106f1361de2711a48aa22d1070073"
    }
  ],
  "internalFaults": [
    "EXECUTION_INPUTS_SCHEMA",
    "EXECUTION_INPUTS_STORE_REQUIRED",
    "EXECUTION_INPUTS_PLAN_JOIN",
    "EXECUTION_INPUTS_EXECUTION_PLAN_JOIN",
    "EXECUTION_INPUTS_ENUMERATION_DIGEST",
    "EXECUTION_INPUTS_EVALUATOR_CLOSURE",
    "EXECUTION_INPUTS_CELL_TOTALITY",
    "EXECUTION_INPUTS_INVENTORY_KIND",
    "EXECUTION_INPUTS_VIEW_TOTALITY",
    "EXECUTION_INPUTS_REF_POINTER",
    "EXECUTION_INPUTS_REF_LOST_BYTES",
    "EXECUTION_INPUTS_REF_INVALID_BYTES",
    "EXECUTION_INPUTS_REF_MISMATCH",
    "EXECUTION_INPUTS_EVIDENCE_UNAVAILABLE",
    "EXECUTION_INPUTS_STAGE_PRODUCER",
    "EXECUTION_INPUTS_STAGE_ORDINAL",
    "EXECUTION_INPUTS_RECEIPT_TOTALITY",
    "EXECUTION_INPUTS_COVERAGE_DERIVE",
    "EXECUTION_INPUTS_NATIVE_COVERAGE_TOTALITY",
    "EXECUTION_INPUTS_OUTCOME_DERIVE",
    "EXECUTION_INPUTS_CANDIDATE_REQUIRED",
    "EXECUTION_INPUTS_CANDIDATE_GROUP",
    "EXECUTION_INPUTS_CANDIDATE_BIND",
    "EXECUTION_INPUTS_OUTPUT_BACKLINK",
    "EXECUTION_INPUTS_VCS_APPLICABILITY",
    "EXECUTION_INPUTS_ORDER",
    "EXECUTION_INPUTS_SELECTED_COVER",
    "EXECUTION_INPUTS_CAUSE_CARRIER",
    "EXECUTION_INPUTS_CAUSE_ENUM_DRIFT",
    "EXECUTION_INPUTS_KIND_MAP",
    "EXECUTION_INPUTS_ENUMERATOR",
    "EXECUTION_INPUTS_HOST_DERIVED",
    "EXECUTION_INPUTS_CANDIDATE_SOURCE",
    "EXECUTION_INPUTS_TARGET_ATTRIBUTION_JOIN"
  ],
  "neededRootInputs": [
    "identity Domain/Ref/byDomain already names execution-inputs and candidate-producer-result as canonical-record blob preimages; admit/helper stay blob-compatible if root registration is present or still landing \u2014 do not require an H prefix",
    "proof.executionInputsDigest must equal raw SHA-256 of C(ExecutionInputsV1) and evaluationInputRefs must equal selectedRefs + {domain:execution-inputs,digest} (the hashed selectedRefs must not include the execution-inputs ref)",
    "execution-plan stage outputDomains: add subject-inventory / candidate-producer-result only on stages that produce them; current owner fixture is view-only; do not add target-attribution as a stage outputDomain",
    "target-attribution is projected from negotiated FactBatchV3 OccupancyCompanionV1 after fact2 mint into hostCapture.hostDerivedRefs domain=target-attribution; FactBatch.stageId remains C-2 text correlated via DispatchBindingV1; incoming-search remains host-derived selectedRefs via hostDerivedRefs; FactCandidateV1/FactBatchV2 stay closed when token target-attribution-v2 is absent",
    "execution_input_account: STOP iterating hostCapture.retainedObjectKeys/retainedBlobDigests (removed from the semantic record). Pass store_pointers=promised_pointers(...)['store_pointers'] derived from selectedRefs plus owner references; do not hash or require the ambient store census"
  ],
  "ownerPositiveDeficiencies": [],
  "ownerPositiveRelations": [],
  "ownerPositiveDerivedStates": [
    "complete"
  ]
}
